"player","age","nationality","position","team","top5","minutes_90s","Tradizionale","Sweeper_Keeper","Miracolo","Sotto_Pressione","Lancio_del_Peso"
"Noah Atubolu",21,"de GER","GK","Freiburg","True",34,0.224195643343979,0.599553296478771,-0.995754281359194,0.709453419404901,-0.0163025507640508
"Oliver Baumann",33,"de GER","GK","Hoffenheim","True",34,0.260356625073952,0.688289032837206,0.646619012591649,0.954597686287661,0.984180054265914
"Janis Blaswich",32,"de GER","GK","RB Leipzig","True",21,-0.792531774873209,1.41920273844868,-1.14531874939603,0.21292472604856,-0.223421588347203
"Koen Casteels",31,"be BEL","GK","Wolfsburg","True",25,0.239909058621458,0.272561347720018,-0.0849544566421837,0.191672181375706,-0.0406384607423745
"Finn Dahmen",25,"de GER","GK","Augsburg","True",31,0.4243667574649,1.12969937521858,-0.06825170973245,0.820932081866007,-1.16842851958211
"Péter Gulácsi",33,"hu HUN","GK","RB Leipzig","True",13,-0.831843647742135,-0.168467243052923,0.965156047880642,-1.42049254752218,0.778808678111189
"Lukáš Hrádecký",33,"fi FIN","GK","Leverkusen","True",33,-0.917406952661725,-1.08386732954118,0.660081875308287,-1.44914635851818,-0.106747574410946
"Gregor Kobel",25,"ch SUI","GK","Dortmund","True",26.3,-0.501214316927625,1.27188800842856,0.771562909495173,-0.215654666538028,0.436510315823284
"Kevin Müller",32,"de GER","GK","Heidenheim","True",34,0.757546295713318,0.645174108474612,0.316768578868032,0.655796842956486,0.406562576436363
"Manuel Neuer",37,"de GER","GK","Bayern Munich","True",22.8,-1.262024994342,0.691232068591426,-0.784768053479452,-0.210863371437532,0.616224865970814
"Moritz Nicolas",25,"de GER","GK","Gladbach","True",27,-0.430075036696016,0.493885668015814,-0.643724640475142,1.16413185965084,1.08880483973465
"Alexander Nübel",26,"de GER","GK","Stuttgart","True",30,-0.84684953104266,1.09565808741773,-0.29098662359905,-0.427758892171328,-0.635275071528052
"Manuel Riemann",34,"de GER","GK","Bochum","True",33,1.34896987428515,2.38600952468096,-1.08176835921181,1.84610322538979,-1.62679769620372
"Frederik Rønnow",30,"dk DEN","GK","Union Berlin","True",33,0.207769266868712,0.537070057726508,-0.450313035086917,0.655119313131371,-0.00198287960861554
"Marcel Schuhen",30,"de GER","GK","Darmstadt 98","True",31,0.416812789244952,1.36526400165548,-0.913531867674492,1.85678539955103,1.60039024211637
"Marvin Schwäbe",28,"de GER","GK","Köln","True",34,-0.072076991722696,0.622903708191869,0.325551753374095,0.294392124807012,-1.03611996682396
"Kevin Trapp",33,"de GER","GK","Eint Frankfurt","True",32,-0.338763574240114,-0.0115329605565685,0.103261421111229,-0.228717616794995,0.271774741701588
"Sven Ulreich",34,"de GER","GK","Bayern Munich","True",11,-1.53586226136034,0.305366112866292,-0.0193056311736479,-1.37441099284315,0.502610967135787
"Robin Zentner",28,"de GER","GK","Mainz 05","True",30,0.582133920752404,-0.125695899287616,0.428594289655836,-0.329884861414241,-0.755590330729868
"Michael Zetterer",28,"de GER","GK","Werder Bremen","True",27,-0.397742432830258,0.991298066942005,1.00904961955219,-0.345630155164199,0.698739931661317
"Kepa Arrizabalaga",28,"es ESP","GK","Real Madrid","True",13.3,-1.07063335511389,-0.111701088873963,0.912188038996592,-1.89535539678341,0.179955077671631
"Augusto Batalla",27,"ar ARG","GK","Granada","True",17,0.918482699987665,0.535269803881367,-1.6008003303371,1.50396747336752,-0.623318760194923
"Stole Dimitrievski",29,"mk MKD","GK","Rayo Vallecano","True",37,0.602731457911624,-0.699954666656566,0.366918267607805,-0.301220810560844,0.351507466037872
"Marko Dmitrović",31,"rs SRB","GK","Sevilla","True",13,-0.1463648527905,-0.811541686268756,-0.508680915091549,0.406839340698302,0.659052769588507
"André Ferreira",27,"pt POR","GK","Granada","True",14.9,-0.360609585217901,-0.546357998995866,-0.0260239853301806,0.216849954706681,2.25349218923687
"Paulo Gazzaniga",31,"ar ARG","GK","Girona","True",38,-0.0872031313122073,0.0483145861649271,0.75212901590795,-0.310972378678962,-0.0774532955462921
"Vicente Guaita",36,"es ESP","GK","Celta Vigo","True",26.7,0.411387829392625,-1.14950926484246,0.569532681152545,-0.208134360843377,0.879361849148732
"Sergio Herrera",30,"es ESP","GK","Osasuna","True",31.9,1.15630841700396,0.0550517429787489,-0.0904760483560877,0.118722992742212,-1.64049019976531
"Filip Jørgensen",21,"dk DEN","GK","Villarreal","True",36,-0.180526516693918,-0.0441705718044384,-0.250162745745491,1.00048455561553,0.944164126604256
"Jeremías Ledesma",30,"ar ARG","GK","Cádiz","True",33.9,1.97231417330328,-0.497480119076659,-0.0263889309046156,0.48249861474363,-1.75998520297202
"Andriy Lunin",24,"ua UKR","GK","Real Madrid","True",21,-0.865478862851406,-0.530760398227429,1.12837991490145,-1.76239636399142,-0.162503852099679
"Giorgi Mamardashvili",22,"ge GEO","GK","Valencia","True",36.5,1.22317531713456,-0.908817232664578,1.57017217198944,-0.961886588078028,-1.19418736404279
"Luís Maximiano",24,"pt POR","GK","Almería","True",33,0.558281969193946,0.0614697732105573,-0.460778682271668,0.912126508180513,0.352156244902035
"Ørjan Nyland",32,"no NOR","GK","Sevilla","True",24,1.00572597276231,-0.835158625760756,0.931502627895784,-0.422234180122008,-0.0260454817189402
"Jan Oblak",30,"si SVN","GK","Atlético Madrid","True",38,-0.0440869490094377,-1.54313136516919,-0.336640420886461,-0.286545375555338,0.490990864840905
"Iñaki Peña",24,"es ESP","GK","Barcelona","True",10,-1.59518687833164,-0.713609394197763,-1.54680003439091,-0.304792717171815,1.46919241436132
"Predrag Rajković",27,"rs SRB","GK","Mallorca","True",36,1.79676756149825,-0.544566236697901,0.0260787526318228,0.0945231902534827,-1.68257051579214
"Álex Remiro",28,"es ESP","GK","Real Sociedad","True",36.4,-0.11921930681087,0.0533263698858489,0.515508677310093,-0.818111074817307,-1.19289719685452
"Rui Silva",29,"pt POR","GK","Betis","True",27.5,0.291746375033345,-0.240406622174381,0.775723711137161,-0.503437897989782,-0.549334606955528
"Unai Simón",26,"es ESP","GK","Athletic Club","True",35.4,0.762130340502888,-0.302892165536716,1.49821388655707,-1.3077876873718,-0.884448064790285
"Antonio Sivera",26,"es ESP","GK","Alavés","True",34,1.63100235158191,-0.927281234561505,0.434232797323391,-0.334025119959034,-0.95468565912181
"David Soria",30,"es ESP","GK","Getafe","True",37.9,1.75457287729333,-0.59080535347999,0.344053188481372,0.283998867437084,-0.873176687747092
"Marc-André ter Stegen",31,"de GER","GK","Barcelona","True",28,-0.92831848746227,0.206803064237047,0.289199521066372,-1.02380274004637,0.199082277553516
"Álvaro Vallés",26,"es ESP","GK","Las Palmas","True",36.3,-1.27606233334635,2.87107324744988,1.15779692290303,-0.632209511166401,1.28904420034904
"Iván Villar",26,"es ESP","GK","Celta Vigo","True",11.3,0.432462229434072,-1.51721191998838,-0.359338620607731,-0.151074801399978,0.464724662375533
"Alaa Bellaarouch",21,"ma MAR","GK","Strasbourg","True",15,-0.0681566611954092,-0.0251222777987402,-1.73435637308283,0.479850140384552,-1.18421717314821
"Marco Bizot",32,"nl NED","GK","Brest","True",32,0.0877369209450594,-0.192820971070382,0.489182813507654,-0.55886891272563,-0.0652652672388783
"Marcin Bułka",23,"pl POL","GK","Nice","True",34,-1.29074446730989,0.342040409355843,0.54065850432113,-1.50858346854639,-0.332515129569255
"Lucas Chevalier",21,"fr FRA","GK","Lille","True",33,-0.5384272684492,0.37431846398403,1.02767582287626,-1.21375148490729,-0.882875440460417
"Arthur Desmas",29,"fr FRA","GK","Le Havre","True",33,0.735799577823228,-1.18335646905298,1.0369156893652,-0.294417723434438,-0.465658519748959
"Mory Diaw",30,"sn SEN","GK","Clermont Foot","True",30,0.714594030731525,0.897570218307547,0.849165158904635,0.767022024829526,-0.602452832681384
"Yehvann Diouf",23,"fr FRA","GK","Reims","True",34,-0.779921803889166,0.579774222809704,-0.45819317907407,-0.0583789373404618,0.57627327041596
"Gianluigi Donnarumma",24,"it ITA","GK","Paris S-G","True",24.1,-1.04403213263352,-0.448467338572676,2.37863158604157,-1.59120577971265,0.903944911338603
"Philipp Köhn",25,"ch SUI","GK","Monaco","True",22,0.123731360229095,-0.787591886355951,0.311598446953374,-0.230787240627769,-0.363741263004834
"Alban Lafont",24,"fr FRA","GK","Nantes","True",27.7,-0.0572757341210634,0.100032136515339,-0.0366239879765337,-0.21335199228441,0.291864895476544
"Benjamin Lecomte",32,"fr FRA","GK","Montpellier","True",30,0.508589223230373,-0.562848164446759,0.590987729053176,-0.190939967035082,0.2920293392459
"Anthony Lopes",32,"pt POR","GK","Lyon","True",31,-0.0377860776593942,-0.381852431125465,-0.684219198934301,0.65272677234498,0.310978939866377
"Pau López",28,"es ESP","GK","Marseille","True",32.7,-0.509268288978814,0.342679762107254,-0.841829093295298,0.192784456014759,-0.640549205445198
"Radosław Majecki",23,"pl POL","GK","Monaco","True",12,-0.254243397664742,-0.757989969500806,2.63522895082518,-1.8569865369139,1.00769922458203
"Steve Mandanda",38,"fr FRA","GK","Rennes","True",34,-0.0570507043383403,0.0452780806342776,-0.659824865295839,0.432829703785445,-0.598024816037144
"Yvon Mvogo",29,"ch SUI","GK","Lorient","True",34,0.0135104646068872,-0.381608145467921,-0.247380351257396,1.18193292568161,1.15934757675546
"Alexandre Oukidja",35,"dz ALG","GK","Metz","True",33.2,1.85522995443891,-1.26860445334747,-0.639792466390304,1.37969484663453,-0.839239437640648
"Guillaume Restes",18,"fr FRA","GK","Toulouse","True",34,-0.159469703758206,-1.35489374680236,-0.0722640067716833,-0.183795831591989,-0.295423925426727
"Brice Samba",29,"fr FRA","GK","Lens","True",33,-0.173709568388166,-0.128442141798546,1.40344565990162,-1.03299233967047,-0.576097414448717
"Alisson",30,"br BRA","GK","Liverpool","True",28,-1.42903194827766,1.03395384242751,0.0184054231215484,-0.473725560327279,0.539010059393665
"Alphonse Areola",30,"fr FRA","GK","West Ham","True",30,0.76426401265342,-1.23631558252008,0.498865056429557,0.813721038671014,0.698753097720235
"Martin Dúbravka",34,"sk SVK","GK","Newcastle Utd","True",22.1,-0.780457386496415,-1.17948157550881,0.138051188782982,0.316828170094678,2.43294696715235
"Ederson",29,"br BRA","GK","Manchester City","True",30.9,-0.950314673826399,1.00654828478437,0.254343107790246,-1.24547870767124,-1.1401089543568
"Mark Flekken",30,"nl NED","GK","Brentford","True",36.5,0.794039873359857,0.822309166687758,-1.03625030251258,1.13252738905196,-1.09008559704234
"Wes Foderingham",32,"eng ENG","GK","Sheffield Utd","True",29.4,1.73611860022107,-0.462144872549914,-0.56657522956284,2.08745889990513,-0.663051525533714
"Dean Henderson",26,"eng ENG","GK","Crystal Palace","True",18,0.677256025633547,-1.30747990568864,-0.381336927987535,0.233802854266003,-0.601452474152886
"Sam Johnstone",30,"eng ENG","GK","Crystal Palace","True",20,1.17530908428388,-1.07807542529952,-1.50443055209683,0.296115930268221,-1.59279650440642
"Thomas Kaminski",30,"be BEL","GK","Luton Town","True",37.8,1.25275352079204,-0.00412356210967196,-0.468179327731294,1.67917242422673,0.0645419097801814
"Caoimhín Kelleher",24,"ie IRL","GK","Liverpool","True",10,-1.32496654881195,1.74400579670606,0.706478959537231,-0.770129300611097,0.12039449756169
"Bernd Leno",31,"de GER","GK","Fulham","True",38,-0.572207181266988,0.97434154595349,-0.0601829006695293,0.353571156634651,0.394171780903633
"Emiliano Martínez",30,"ar ARG","GK","Aston Villa","True",33.5,-0.433951114528175,1.27075503267128,1.05600716522553,-0.516292550561532,-0.973945043326337
"Arijanet Muric",24,"xk KVX","GK","Burnley","True",10,0.146381037713303,3.83444024369191,3.68948568302116,0.0905595334403698,-0.204452764348607
"Neto",34,"br BRA","GK","Bournemouth","True",32,0.502755666897878,-0.543758378058572,0.301104311369649,0.234114445327179,0.345760247831759
"André Onana",27,"cm CMR","GK","Manchester Utd","True",38,0.00334673966878185,0.906377968158444,0.387659675357343,0.547863124824224,-0.950835993088326
"Đorđe Petrović",23,"rs SRB","GK","Chelsea","True",22.1,-0.351698613224535,-0.00640634079492879,-1.48641829603867,0.983001414945352,0.21046176703706
"Jordan Pickford",29,"eng ENG","GK","Everton","True",38,1.12600533764493,0.656801307089964,0.693082235185279,0.0259711918542428,-0.851849541700991
"Nick Pope",31,"eng ENG","GK","Newcastle Utd","True",14.9,-0.837231980678394,-1.36880975351043,0.339606472791298,-0.893145143383561,1.59604210736064
"David Raya",27,"es ESP","GK","Arsenal","True",32,-0.787392171166772,0.119473560805253,-0.33201563931147,-1.35207496940119,-1.32545864805662
"José Sá",30,"pt POR","GK","Wolves","True",33.7,0.344787593387662,-0.700616875663917,1.39547128765127,0.0614977375739683,0.767855778187079
"Robert Sánchez",25,"es ESP","GK","Chelsea","True",15.9,-0.674749081822413,0.441648858489348,-0.173384080528948,0.0928252636263369,0.584032809361102
"Jason Steele",32,"eng ENG","GK","Brighton","True",17,-1.38359296283378,1.04223789823783,-1.91515970985216,0.685619557771024,0.153092677029647
"James Trafford",20,"eng ENG","GK","Burnley","True",28,-0.137855922494736,2.68998683471596,-1.07230331713137,1.82059178592033,0.984245435004071
"Matt Turner",29,"us USA","GK","Nott'ham Forest","True",17,0.398688038309363,-0.608173842121883,-1.77348941678526,1.16621490483614,0.580032898311803
"Bart Verbruggen",20,"nl NED","GK","Brighton","True",21,-1.6797738912811,1.22205157715684,-0.559301980725572,-0.0416973602941983,0.884948621600149
"Guglielmo Vicario",26,"it ITA","GK","Tottenham","True",38,-1.21491806042134,0.964705175161617,0.270226548401292,-0.130284207303227,1.00108480789413
"Etrit Berisha",34,"al ALB","GK","Empoli","True",14,-0.263676740063881,-0.164520797474694,-1.1510042085588,0.870310999245871,1.22295475249536
"Elia Caprile",21,"it ITA","GK","Empoli","True",23,0.226585748626133,-0.166831178380954,0.187340314886356,0.13731760934726,0.910280046436937
"Marco Carnesecchi",23,"it ITA","GK","Atalanta","True",26.9,-0.0629412095366984,-0.658268145550027,-0.0533366173960956,-0.345503104540199,1.0826772878373
"Andrea Consigli",36,"it ITA","GK","Sassuolo","True",35,0.527732114375501,-0.25571703907623,-1.95830659457099,1.40372967644904,-0.0342857915099142
"Benoît Costil",36,"fr FRA","GK","Salernitana","True",13,0.603861545528943,-0.739853060385529,-1.71969340767471,1.05846827884831,0.0525452949211966
"Michele Di Gregorio",26,"it ITA","GK","Monza","True",31.9,-0.57695838629818,0.832675055983177,1.84516624636148,-0.714554012798203,2.20117475352177
"Wladimiro Falcone",28,"it ITA","GK","Lecce","True",38,0.253272529024292,-0.928472758167318,0.106724496945801,0.167828077569909,0.357655591331832
"Mike Maignan",28,"fr FRA","GK","Milan","True",29,-1.01417742098959,1.10044258431648,-0.627438698493847,0.0101405732282993,0.757623978887189
"Josep Martinez",25,"es ESP","GK","Genoa","True",36,0.453781260672951,0.774248791414808,-0.395848145122972,-0.00383518439128005,-1.85202398573571
"Alex Meret",26,"it ITA","GK","Napoli","True",30.8,-0.91055907854914,-0.669242432244143,-0.333914626780368,-0.605859971916918,0.0377829978265307
"Vanja Milinković-Savić",26,"rs SRB","GK","Torino","True",36,0.655470288776436,0.898943732597792,0.544514728248488,-0.519278741055613,-0.748786238148455
"Lorenzo Montipò",27,"it ITA","GK","Hellas Verona","True",37,1.43218475670502,-0.583592114805409,-0.978269061099024,0.812414245774318,-1.26528658879756
"Juan Musso",29,"ar ARG","GK","Atalanta","True",11,-0.871380877025737,-0.371891252242788,-0.480453415649714,-0.954285290232276,1.13813295719836
"Guillermo Ochoa",38,"mx MEX","GK","Salernitana","True",21,0.922269719090945,-1.05346609673942,-1.39614959538509,1.33765157739704,-0.322500816870319
"Maduka Okoye",23,"ng NGA","GK","Udinese","True",21,1.5114720041989,-2.43742271572334,0.0894421485182874,-0.0499882420372795,-1.08523042799922
"Rui Patrício",35,"pt POR","GK","Roma","True",23,-0.196058461513826,-1.25577520558086,-0.314005821968382,-0.697558320410272,-0.532490654650951
"Ivan Provedel",29,"it ITA","GK","Lazio","True",30,-0.165712188255474,-0.257898669323265,-0.209938185595815,-0.266517858240427,-0.580988573867628
"Simone Scuffet",27,"it ITA","GK","Cagliari","True",31,0.90662442847512,-1.1600335644751,-1.31306268661761,0.880032273221571,-0.658906773826641
"Marco Silvestri",32,"it ITA","GK","Udinese","True",17,-0.24935805942327,-1.42032471957481,-0.677778517093119,-0.319096212308643,0.33677613121524
"Łukasz Skorupski",32,"pl POL","GK","Bologna","True",32,-0.629303161403217,-0.579058429477734,-0.158638183898204,-0.750588777704392,0.488654046619028
"Yann Sommer",34,"ch SUI","GK","Inter","True",34,-0.726011711734973,0.0805225793010363,1.11566206875303,-1.72487480513037,-0.582618817332302
"Mile Svilar",23,"rs SRB","GK","Roma","True",15,-0.737830320962559,0.70593044084086,0.875044342562827,-0.315286593046405,0.360224665470642
"Wojciech Szczęsny",33,"pl POL","GK","Juventus","True",35,-0.260226177080629,-0.904419745519781,0.157005541756732,-0.993316599149287,-0.315445433962505
"Pietro Terracciano",33,"it ITA","GK","Fiorentina","True",33,-0.219837185318115,0.318173764499326,0.889002704793177,-0.745845406509384,-0.365317912322428
"Stefano Turati",21,"it ITA","GK","Frosinone","True",30.5,-0.673095325808116,0.0854979413562049,-1.58401908518911,1.14954123999426,0.468108834220927
"Matz Sels",31,"be BEL","GK","Strasbourg/Nott'ham Forest","True",35,0.252134161411513,-1.07343765694079,-1.58031957708107,0.672170998551323,-0.41505530119059
"Arnaud Bodart",25,"be BEL","GK","Standard Liège","False",29,0.44220864328034,-0.584657187044795,0.33453025644036,0.166097028801438,-0.0510765580921087
"Sinan Bolat",34,"tr TUR","GK","Westerlo","False",26,0.00754162353234002,0.236104741172674,-0.144542143656276,0.54816317420407,-0.135172557957887
"Jean Butez",28,"fr FRA","GK","Antwerp","False",30,-0.585279336411885,1.95676126353512,0.499775774258127,-0.881162206114699,-0.807611723116131
"Gaëtan Coucke",24,"be BEL","GK","Mechelen","False",30,0.273662306346937,-0.164022344375347,1.30043133634624,-0.842697710338801,-0.709965923220131
"Théo Defourny",31,"be BEL","GK","RWD Molenbeek","False",29.8,0.948114596736495,-0.998118242264796,0.536916402573713,0.791050311984405,-0.0520434992684751
"Hervé Koffi",26,"bf BFA","GK","Charleroi","False",26,0.42255247702188,0.0924449839528584,0.926637600297917,-0.180824006380391,-0.768415802866319
"Tobe Leysen",21,"be BEL","GK","OH Leuven","False",16,0.454066488179938,0.181477575936405,1.59156417652776,-0.358999812060646,0.817480931724081
"Simon Mignolet",35,"be BEL","GK","Club Brugge","False",27.1,-0.491716722261381,0.266698011571411,-0.0738332443016102,-0.768363030846315,-0.894011484901842
"Anthony Moris",33,"lu LUX","GK","Union SG","False",28.8,-0.39479971826326,0.259742468815733,-0.0227827165760922,-0.712786203610697,-0.733227011570685
"Paul Nardi",29,"fr FRA","GK","Gent","False",10,0.537983840049244,-1.37411381298759,0.00145471935819188,-0.0505201256629714,-0.662121834881406
"Maxence Prevot",26,"fr FRA","GK","OH Leuven","False",11,-0.147265904252116,-0.163767043880689,-1.38867835649756,0.762106679391548,1.06607938878944
"Davy Roef",29,"be BEL","GK","Gent","False",12,-0.625756537565913,-0.92187842147253,2.77989591224545,-2.53071948553741,0.984514590489178
"Kasper Schmeichel",36,"dk DEN","GK","Anderlecht","False",23,-0.265469031713446,0.466841802277084,2.08102144588188,-0.908838299982716,0.144367935600216
"Gaga Slonina",19,"us USA","GK","Eupen","False",28,-0.323979692489674,-0.158491428661971,-0.236743553123182,0.861158707784679,1.34794590956886
"Zion Suzuki",20,"jp JPN","GK","Sint-Truiden","False",22,-0.648175584017319,1.72330542549304,-0.224039806161516,0.0578043530110433,-0.263855175286109
"Tom Vandenberghe",30,"be BEL","GK","Kortrijk","False",21,0.845136021442253,-0.483069245387117,0.0852502515541121,1.06841366498653,0.12712293022102
"Maarten Vandevoordt",21,"be BEL","GK","Genk","False",30,0.217153086275813,0.255618884633703,0.735920823181473,-0.687524122703984,-1.10026810063427
"Warleson",26,"br BRA","GK","Cercle Brugge","False",30,1.8409769626894,-0.988635617209883,1.49883863974682,-0.733124946281843,-2.05607232109068
"Ryan Allsop",31,"eng ENG","GK","Hull City","False",36.9,-0.798653969986134,3.04425856331676,-1.41011033239077,0.750185313433923,-1.86008211136974
"Jak Alnwick",30,"eng ENG","GK","Cardiff City","False",24,0.653870214854544,0.0413049704534069,-0.236558264608537,0.0109879802972683,-0.65919804194777
"Daniel Bachmann",29,"at AUT","GK","Watford","False",27,-1.26200178689116,1.42071443702496,0.682190049823296,-0.846891043333731,1.05580631066235
"Gavin Bazunu",21,"ie IRL","GK","Southampton","False",41,-1.90397610516525,2.0558864892913,-1.45398678326037,0.235178004521176,1.20841267487088
"James Beadle",19,"eng ENG","GK","Sheffield Weds","False",19,0.0232069878473788,0.350391382995504,-0.00238371102036405,-0.346087214587462,-0.246712879102797
"Asmir Begović",36,"ba BIH","GK","QPR","False",45,0.0131571481637371,-0.507905234480294,-0.81708850239997,0.421736872043962,0.190249968868845
"Bartosz Białkowski",36,"pl POL","GK","Millwall","False",14,0.872154549549072,-1.80417808177896,0.260697860008991,-0.347756630007472,-0.548017361314172
"Jack Bonham",29,"ie IRL","GK","Stoke City","False",14,0.0156980157537036,0.159892948793575,1.00387819513871,-0.756622304094925,0.872503764126579
"Bradley Collins",26,"eng ENG","GK","Coventry City","False",28,-0.297235955264386,-0.242369213423835,0.260890725998392,0.0971942785615602,0.828384104458988
"Michael Cooper",23,"eng ENG","GK","Plymouth Argyle","False",19,0.058045503462888,0.715250792750631,0.988277899808485,-0.460353793420902,1.44948571466025
"Cameron Dawson",28,"eng ENG","GK","Sheffield Weds","False",18,-0.416643440990225,0.897019627138582,-1.32862670390739,0.100117035090205,-0.595806744243032
"Seny Dieng",28,"sn SEN","GK","Middlesbrough","False",35,-0.981643562069738,1.08267705091812,-0.1744509193403,-0.263143298912017,0.0492378900984468
"Tom Glover",25,"au AUS","GK","Middlesbrough","False",11,-1.17607702149354,0.778463521305613,-0.569419801919042,0.142617254626107,1.40598485255324
"Angus Gunn",27,"sct SCO","GK","Norwich City","False",39.3,-0.773542565783293,0.591664521724539,0.661062647842667,-0.612599180393071,-0.00462202850142231
"Ben Hamer",35,"eng ENG","GK","Watford","False",19,-1.18780610149386,1.02951780111729,0.617552278716223,-0.347109497493222,0.493474199006057
"Conor Hazard",25,"nir NIR","GK","Plymouth Argyle","False",27,0.0746394316979296,0.398765744672339,0.0403300883787739,0.454533865199499,0.981661884488199
"Mads Hermansen",23,"dk DEN","GK","Leicester City","False",44,-1.56890764618769,2.64581219145916,0.764202807088371,-0.786410658412867,-0.0861624782868676
"Václav Hladký",32,"cz CZE","GK","Ipswich Town","False",46,-1.3779817999798,1.13171838721278,0.157928710735654,-0.551207276548666,0.231470096106505
"Ethan Horvath",28,"us USA","GK","Cardiff City","False",16,0.300769299001992,-0.650742895061785,-1.186858272228,0.558596411966339,0.409948914129906
"Daniel Iversen",26,"dk DEN","GK","Stoke City","False",18,0.310075751622777,-0.125059477327356,-0.593467724784312,-0.62096677352181,-0.988429413661986
"Viktor Johansson",24,"se SWE","GK","Rotherham Utd","False",44,2.69666951868965,0.181904601316175,0.324685995250629,1.60112102782518,-2.0740148248965
"Illan Meslier",23,"fr FRA","GK","Leeds United","False",43.6,-1.37733801417427,1.55129540724772,-0.30854838429083,-0.748031476383322,0.357746890767389
"Lee Nicholls",30,"eng ENG","GK","Huddersfield","False",36.7,0.522703385954503,-0.48938610850705,-0.437433089823356,0.512652303677074,0.527830699778821
"Max O'Leary",26,"ie IRL","GK","Bristol City","False",46,-0.365352573769805,0.58129268854752,0.0815123909050487,0.0223607433081587,0.819490206646331
"Alex Palmer",26,"eng ENG","GK","West Brom","False",46,-0.816456368106787,0.351328009219921,0.068453984461406,-0.702479315170176,0.10364277098157
"Anthony Patterson",23,"eng ENG","GK","Sunderland","False",45,-0.975782144795413,-0.0417255203414,0.469691094579697,-0.67784636976763,0.47954365474903
"Aynsley Pears",25,"eng ENG","GK","Blackburn","False",25.7,-0.24037324781445,0.0382731675712812,-0.228917293184159,0.325891323208379,1.24928358428924
"John Ruddy",36,"eng ENG","GK","Birmingham City","False",44,0.716320398767521,-0.0817986299942264,-0.283179978432511,0.806658096712781,-0.20113755994121
"Carl Rushworth",22,"eng ENG","GK","Swansea City","False",46,-0.48666190807229,1.76184322981939,0.653778527383434,0.0680310056554966,0.823796951185707
"Matija Šarkić",26,"me MNE","GK","Millwall","False",32,1.20951282687431,-1.03590125928668,0.549569738695313,-0.803804125018216,-1.54493666072499
"Mark Travers",24,"ie IRL","GK","Stoke City","False",13,0.578299342975495,0.138909825453115,-0.234869374136917,0.637863481208169,-0.0679897973315048
"Leopold Wahlstedt",24,"se SWE","GK","Blackburn","False",20.3,-1.05638639109172,0.377373997665008,-0.777762633331911,0.787807420519388,1.92846650547938
"Ben Wilson",30,"eng ENG","GK","Coventry City","False",18,-1.07019522607546,-0.390850923561785,-1.06329453216293,-0.052644760399836,2.1638441848097
"Freddie Woodman",26,"eng ENG","GK","Preston","False",44,1.34127173196275,-0.713175447773929,0.166049504982063,0.420576661749973,-0.342279840915129
"Mio Backhaus",19,"de GER","GK","Volendam","False",32,0.956031426669382,0.828388048536746,-0.154242204908119,2.47347904135595,0.591142250747258
"Nordin Bakker",25,"nl NED","GK","Almere City","False",28.8,2.27849856144888,0.0333846685225191,0.734223375771016,0.734087536586768,-1.76679368973936
"Vasilios Barkas",29,"gr GRE","GK","Utrecht","False",29,0.452390518383549,-0.244448133585936,0.539659884473943,0.282683645865808,-0.492254106610942
"Walter Benítez",30,"ar ARG","GK","PSV Eindhoven","False",32.9,-0.816435345659047,-0.331407872553601,0.974169324413747,-2.13795662941504,-1.30700803234006
"Justin Bijlow",25,"nl NED","GK","Feyenoord","False",16.2,-1.15657811024387,1.70215402752529,-0.0413382895348288,-1.23641176460137,-1.35051838400033
"Michael Brouwer",30,"nl NED","GK","Heracles Almelo","False",34,1.00948072754319,0.207447266282784,-0.545466738915773,2.03439378137152,0.606330981263872
"Jasper Cillessen",34,"nl NED","GK","NEC Nijmegen","False",29.3,0.489928393372203,-0.380934344760995,0.116320577922152,0.431521290995966,0.664019508285654
"Jeffrey De Lange",25,"nl NED","GK","Go Ahead Eag","False",34,0.220435953474052,0.944263108971347,0.3424064990554,0.494187220928638,0.0370237480297708
"Mickey van der Hart",29,"nl NED","GK","Heerenveen","False",12,0.0788117646233608,-0.128045426877906,-2.40681419128096,1.37123413392457,-0.0375621183438436
"Stijn van Gassel",26,"nl NED","GK","Excelsior","False",34,1.11958755324227,1.36876381867835,-1.64961041403029,2.4719075808899,0.0762488557157005
"Andries Noppert",29,"nl NED","GK","Heerenveen","False",22,-0.410463006830134,-0.414887642633616,-0.309927793704373,0.0505298159614678,0.674068034833623
"Nick Olij",27,"nl NED","GK","Sparta R'dam","False",34,0.540621066469904,1.07533613194773,0.403338258099874,0.283006429072825,-0.750293306156962
"Ivor Pandur",23,"hr CRO","GK","Fortuna Sittard","False",16,0.511582659788321,-0.352734345415971,-0.263992660331916,0.255777618655177,-1.15559456157518
"Diant Ramaj",21,"de GER","GK","Ajax","False",20.3,-0.515630858961548,2.16704216783158,0.43669525542403,0.0647698543941591,0.283713007044403
"Eloy Room",34,"cw CUW","GK","Vitesse","False",34,0.544141110487375,0.639865979398075,-0.339388263837876,1.82244674486652,0.456604208698965
"Mathew Ryan",31,"au AUS","GK","AZ Alkmaar","False",29,-0.888200398146764,0.748225115829734,0.685584228101953,-0.980019840860837,0.290087065201539
"Jasper Schendelaar",22,"nl NED","GK","Zwolle","False",32,0.263507853204189,0.844612260284868,0.0616855977351337,1.05628942609121,1.02786626209427
"Lars Unnerstall",33,"de GER","GK","Twente","False",32,-0.341256703231342,0.0295406390153209,1.20248655379866,-0.957274391430058,0.374679543834474
"Etienne Vaessen",28,"sr SUR","GK","RKC Waalwijk","False",29.4,0.579942479991016,1.29895516198658,0.682500981974649,0.782694349496783,-0.0771256772418093
"Michael Verrips",26,"nl NED","GK","Fortuna Sittard","False",12,1.97151712512085,-0.977774420718431,-2.16562006294936,1.37428959905331,-2.59348529529601
"Timon Wellenreuther",27,"de GER","GK","Feyenoord","False",17.8,-1.12018496066704,1.1979655276475,0.316513629892177,-1.61652915649591,-1.02296993395766
"Antonio Adán",36,"es ESP","GK","Sporting CP","False",22,-0.659394746739283,-0.884699667314171,-0.703379727558311,-1.0751604739694,-1.12666406970801
"Andrew",22,"br BRA","GK","Gil Vicente FC","False",32,-0.0127993299070097,-0.479879193046495,0.0627172743100868,0.113744437192111,0.734603067372833
"Ricardo Batista",36,"pt POR","GK","Casa Pia","False",30.9,0.5920258701874,-0.66795682143771,-0.117603994836457,0.329532982974818,-0.423851715292209
"Bruno Brigido",32,"br BRA","GK","Estrela","False",26,-0.000491630102040031,-0.822612868429455,-0.435790740280638,0.401287640494807,0.31956199713979
"Fabijan Buntić",26,"hr CRO","GK","Vizela","False",27.7,-0.27021791922153,-0.732218769982183,-2.3024817751571,1.32105056832082,0.431474032206648
"Marcelo Carné",33,"br BRA","GK","Estoril","False",22,0.0638388668897528,-0.978044355249879,1.40020751963838,-0.601718850833868,1.67949650109265
"Diogo Costa",23,"pt POR","GK","Porto","False",32.7,-0.682231844055978,0.357103389205034,0.532351305311406,-1.56189572738276,-0.731710043803122
"Ignacio De Arruabarrena",26,"uy URU","GK","Arouca","False",31,-0.530803605351393,0.239026230970438,0.541044901736277,-0.0700776122678329,1.48830919849897
"João Gonçalves",22,"pt POR","GK","Boavista","False",34,0.523400191880483,-1.57571993461286,-0.384343157910682,0.77822810930917,0.753790774121218
"Franco Israel",23,"uy URU","GK","Sporting CP","False",10,-1.25572720400982,-1.48283870797279,-0.63994509152102,-1.37624304352292,-0.246717138203406
"Jhonatan",32,"br BRA","GK","Rio Ave","False",26,0.0112348896037686,-0.17707216906142,1.1557749897128,-0.565224591066613,0.680335877451864
"Luiz Lúcio Reis Júnior",22,"br BRA","GK","Famalicão","False",33,-0.125935591667333,-0.27334419428405,1.77333497931246,-0.881147958041929,0.883407731949185
"Kewin",27,"br BRA","GK","Moreirense","False",29.8,0.339887924018463,-0.01535710635767,0.254358122071084,-0.285242264720729,-0.216513899182242
"Daniel Leite",25,"pt POR","GK","Estoril","False",12,-1.03878721876676,-1.34782749336279,-3.17178113946822,1.59748876253853,2.32144867986408
"Matheus",31,"br BRA","GK","Braga","False",34,-0.417672549378696,0.00946297663363252,-0.246927816736633,-0.128433344424442,0.485333738599886
"Kosuke Nakamura",28,"jp JPN","GK","Portimonense","False",20,0.66853173534169,-1.45166894415189,0.683083901201555,-0.163353004080247,0.385523161398205
"Vinicius Silvestre",29,"br BRA","GK","Portimonense","False",14,0.983461868345078,-0.931620377617744,-0.990319768380326,1.25671850658516,-0.0258275634637746
"Hugo Souza",24,"br BRA","GK","Chaves","False",26,0.693538071179239,-1.1656773559229,-0.507685117185952,0.872523090666132,1.0137586049346
"Anatolii Trubin",21,"ua UKR","GK","Benfica","False",28,-0.995482840993794,-1.43676445219413,1.50530201011437,-1.764591313685,0.605356424926947
"Bruno Varela",28,"cv CPV","GK","Vitória","False",26.5,0.309267633310852,-0.818347078739374,1.19469119909679,-1.02654654775709,-0.537524373746225
"Ricardo Velho",24,"pt POR","GK","Farense","False",32,1.72720915047406,-1.14181444198282,2.13675987799383,0.0374872484958745,0.112967889555625
"Nícolas Andrade",35,"br BRA","GK","Pisa","False",31,-0.215812429851456,0.149418895186266,0.0947896242370414,-0.312619415466888,-1.77174245162312
"Francesco Bardi",31,"it ITA","GK","Reggiana","False",29.2,-0.0673517964878302,-1.58634695796282,-0.000680526807412169,-0.0571814944259061,1.2688079997484
"Brenno",24,"br BRA","GK","Bari","False",32.7,-0.129289385455513,-1.93894770991116,-0.588312660375398,-0.0569747131763268,0.4656957527479
"Leandro Chichizola",33,"ar ARG","GK","Parma","False",36.1,0.112530280227737,0.702483075429384,0.251751128949274,-0.727879104391965,-0.643044344695347
"Bartłomiej Drągowski",25,"pl POL","GK","Spezia","False",13,-0.269605485166591,-1.01816157958547,-0.20974414459665,0.290633523402841,0.404315380097145
"Andrea Fulignati",28,"it ITA","GK","Catanzaro","False",37,-0.907837278723209,2.82863632550922,0.842194845223193,-0.255702450719507,-0.243192274308987
"Riccardo Gagno",26,"it ITA","GK","Modena","False",21.4,0.00662583804265401,0.0776668875854153,-0.310226773335706,-0.697304764995382,-0.999846095296331
"Antony Iannarilli",32,"it ITA","GK","Ternana","False",32,1.25067180342993,-1.39368678710446,0.742559799800508,0.230711723241149,-0.466140472598884
"Jesse Joronen",30,"fi FIN","GK","Venezia","False",29,-0.809584244547769,-0.363935535439057,-0.281931819689623,-0.451747424243082,1.23401218065859
"Andreas Jungdal",21,"dk DEN","GK","Cremonese","False",18,-1.02259859557405,0.111605133376792,0.911982580456653,-1.44145832298191,0.850892237389481
"Elhan Kastrati",26,"al ALB","GK","Cittadella","False",35,0.292660824740782,-1.11618770011429,-0.478177518743763,0.170637054994453,-0.500090748597078
"Luca Lezzerini",28,"it ITA","GK","Brescia","False",25,-0.204112902826313,-1.00553296143483,-0.128567765350965,-0.372204519583249,0.185424884922637
"Riccardo Melgrati",29,"it ITA","GK","Calcio Lecco 1912","False",22.5,0.434054389454124,-0.504790383244218,-2.14272957913299,2.1198569736787,0.362694858020739
"Alessandro Micai",30,"it ITA","GK","Cosenza","False",36.6,0.107355658840157,0.549743238390448,0.51234937816246,-0.273248293267768,-0.636117094069695
"Mirko Pigliacelli",30,"it ITA","GK","Palermo","False",36,-0.307531046900396,0.319427114067278,-0.594808786036631,0.34550330437798,-0.454049233265722
"Semuel Pizzignacco",21,"it ITA","GK","FeralpiSalò","False",38,0.839111963152372,-0.735891329319874,-1.49145584698657,1.317005700624,-0.609636830920683
"Giacomo Poluzzi",35,"it ITA","GK","Südtirol","False",37,0.989417440503182,-0.461322142890696,-0.434144706242871,0.228162272310425,-1.17637600445813
"Umberto Saracco",29,"it ITA","GK","Calcio Lecco 1912","False",12.5,0.0333140779293087,-0.57862970783508,-3.00462977833672,1.43037302945891,1.16491388571992
"Mouhamadou Sarr",26,"sn SEN","GK","Cremonese","False",12,-0.586782183970883,-0.701521862546564,0.31158538752106,-0.766880139166194,0.165479276406908
"Andrea Seculin",33,"it ITA","GK","Modena","False",16.5,-0.241679937636699,0.198585251968498,-0.27921578032558,-0.208659854732105,-1.30414553052936
"Adrian Šemper",25,"hr CRO","GK","Como","False",37.8,-0.263495569278407,-0.594376655162039,-0.291859849014299,-0.489543773652731,-1.3259625084492
"Filip Stankovic",21,"rs SRB","GK","Sampdoria","False",37,-0.290356589424272,0.057699306043007,-0.300020604508694,0.0184191075941446,-0.626257119459136
"Emiliano Viviano",37,"it ITA","GK","Ascoli","False",26.5,1.37746750322773,-0.96439136667729,0.332102869082872,-0.521292291270858,-2.61303120325506
"Jeroen Zoet",32,"nl NED","GK","Spezia","False",25,0.562726157041865,-1.24356841409374,0.183068992452563,-0.233286612408463,-0.486454316405581
"Devis Vásquez",25,"co COL","GK","Sheffield Weds/Ascoli","False",18.2,0.518292898024731,-0.135227542768757,0.0581089103060597,-0.291531632634443,-0.64093952631053
"Daniel Schmidt",31,"jp JPN","GK","Sint-Truiden/Gent","False",12,-0.659102716439757,0.0247046279525812,-0.987952392012038,0.113289883119652,0.615506288343217
