player,age,nationality,position,team,top5,minutes_90s,gk_goals_against,gk_saves_per90,gk_clean_sheets,gk_pens_save_pct,gk_free_kick_goals_against_perGame,gk_corner_kick_goals_against_perGame,gk_own_goals_against_perGame,gk_psnpxg_per_shot_on_target_against,xg_saved_per90,gk_passes_pct_launched,gk_passes_per90,gk_passes_throws_per90,gk_passes_length_avg,gk_goal_kicks_per90,gk_goal_kick_length_avg,gk_crosses_stopped_pct,gk_def_actions_outside_pen_area_per90,gk_avg_distance_def_actions
Noah Atubolu,21,de GER,GK,Freiburg,True,34.0,1.1511695576835996,-0.17201506312795825,0.32859678517152224,1.3536826586525648,0.4896057593368686,-0.2286751169768343,-0.33435492847768783,0.568031513433601,-1.0726129759946568,-0.31488111344990505,0.630738536209145,0.2937560701654553,0.2557892949234497,0.5791480534031725,0.9741543066596552,0.11744223042633038,-0.40736945255451434,-0.23755384307067803
Oliver Baumann,33,de GER,GK,Hoffenheim,True,34.0,1.6513031482877103,1.754345612617225,-1.48794299931012,2.401858270452161,2.7199225164803646,1.1569954808116771,-0.33435492847768783,0.8608833159149242,0.6829158453863687,0.6078496231992923,0.680453843428379,0.4558527636909206,-0.028966542035476855,0.7377081771242108,0.32893771134501076,-0.1589725264031776,1.9415020836619625,1.0393424494288195
Janis Blaswich,32,de GER,GK,RB Leipzig,True,21.0,-0.5992980094307877,-1.2456901150855002,-0.10372887539359461,-0.7426685649466277,-0.6255526192348795,1.965303329521642,-1.090402824093682,-0.017672091529043508,-1.1274732516628139,0.1725992757232556,1.4571748120613546,-0.2218657930488839,-1.3578271145104681,0.10252387197981398,-1.250730504770152,0.11744223042633038,1.2201950764773752,1.4100542762835133
Koen Casteels,31,be BEL,GK,Wolfsburg,True,25.0,-0.036647720001163175,0.13795388196922154,-0.7066687698603019,-0.7426685649466277,-0.6255526192348795,-1.018507357716286,0.9660474519818223,0.568031513433601,-0.08512801396782989,0.9560499011801217,0.2735114559720277,0.3093173527438996,0.40765907463487666,0.1423149125517126,0.718292553345227,0.5518082768726998,0.77631384128686,0.6274404195902719
Finn Dahmen,25,de GER,GK,Augsburg,True,31.0,0.7760693647305167,0.5835589555844122,-1.1945791582123624,0.4208063641509241,-0.6255526192348795,1.8386560168205415,0.5680248179026923,-0.6033756964916897,-0.03026773829967285,0.3118793869155881,1.1477194142132667,-1.6221222687935997,-0.08591770942726298,-0.13245443732874493,0.26219116700211637,-0.11948470399896233,0.9427693044833034,0.3391089987032888
Péter Gulácsi,33,hu HUN,GK,RB Leipzig,True,13.0,-1.912148684766578,-0.7276960272852225,1.027265933049077,-0.7426685649466277,2.2910154477989235,-1.0547479733507545,0.886953210594303,-0.8962274989730128,1.012077499395311,-1.394301975190476,-0.14871404271060074,0.024426179384681206,-1.4717294492940385,0.830709788152897,-1.0838641439129162,-0.8302655072748398,-0.03746842322908476,0.133157983784015
Lukáš Hrádecký,33,fi FIN,GK,Leverkusen,True,33.0,-0.9743982023838706,-0.9879322914911035,1.566900998647321,-0.7426685649466277,-0.6255526192348795,-0.5331027483091588,-1.090402824093682,-0.3105238940103666,0.6829158453863687,-0.12337096056044862,-1.1305255156899048,0.6179494572163868,-0.9971363876958275,-1.2364854845085649,-0.8280023905984887,0.9861743233190693,0.14748209143362973,0.9569620434611104
Gregor Kobel,25,ch SUI,GK,Dortmund,True,26.3,-0.3492312141287323,0.24798217027206723,0.05993726753462823,0.1325580709060351,-0.6255526192348795,1.965303329521642,-0.13834251109576345,-0.017672091529043508,0.8474966723908399,0.6600796648964175,1.3201195470652836,-0.4507793130237567,-0.9022177753761853,0.03029188369769647,-0.38302542831252734,-1.6595097777633634,-0.8327556362787583,-0.6906460758930804
Kevin Müller,32,de GER,GK,Heidenheim,True,34.0,0.9636194612070581,0.791165274744633,-0.579287102015223,-0.08755880757188005,-0.6255526192348795,0.46416018191742126,1.177740862754301,-0.3105238940103666,0.3537541913774265,1.043099970675329,0.703051710346213,0.5206914411011077,0.5785125768102324,2.065649213287907,0.46243080003079945,-0.5143629280411165,-1.1101814082728303,-0.40231465500609725
Manuel Neuer,37,de GER,GK,Bayern Munich,True,22.8,-0.4117479129542462,-0.6543733184580918,0.07228942926506016,1.0025438286997,1.0229423751755307,-1.448667708508024,-1.090402824093682,0.27517971095227794,-0.8531718733220286,1.7569105405360295,0.6925060391178903,0.42457094564214626,-0.9781526652318994,-1.33052782264056,-1.7735784354561566,-0.8697533296790553,0.5543732236916021,1.368864073299658
Moritz Nicolas,25,de GER,GK,Gladbach,True,27.0,0.5885192682539752,1.6132737449490164,-0.7985379727303892,-0.7426685649466277,-0.6255526192348795,0.6566144316102701,-1.090402824093682,-0.6033756964916897,-0.6885910463175575,-0.036320891065241286,0.49615568434293394,0.8220712194336401,-0.5984782159533306,-0.17915105679975568,0.061951533973434066,-0.5933385728495474,-0.5368348128184146,-0.40231465500609725
Alexander Nübel,26,de GER,GK,Stuttgart,True,30.0,-0.22419781647770468,-0.8345663864524374,0.8890761236898701,-0.7426685649466277,-0.6255526192348795,0.0022699826545841116,1.4801600210006984,-0.3105238940103666,-0.3045691166404581,1.304250179160951,1.0920363262251929,-0.043405052367513505,-0.788315440592615,-1.6816550439859643,-1.028242023627171,1.0651499681275005,1.4791257970051759,1.2864836673319486
Manuel Riemann,34,de GER,GK,Bochum,True,33.0,1.9013699435897657,0.7261572354116348,-1.0062086918232758,0.21117124179100483,-0.6255526192348795,1.2514730215699845,1.246472489628482,-0.3105238940103666,-1.1274732516628139,0.9560499011801217,2.417750460717605,-1.9205830038127274,1.8314382594295096,0.050013701137132015,0.5514261924879914,0.31488134244740745,3.79100723028911,2.3162387419283177
Frederik Rønnow,30,dk DEN,GK,Union Berlin,True,33.0,1.026136160032572,0.2299734249924208,-0.30445150351311295,0.756222559926795,1.6723494941856925,0.5376427136183274,-0.31144438618629405,-0.017672091529043508,-0.4691499436449293,0.3292894008146298,0.545825339305769,0.9185651433908869,0.1418869601398788,0.2542199210808938,0.6070483127737366,1.5390038369780852,0.0365117826360012,-0.5258852639576611
Marcel Schuhen,30,de GER,GK,Darmstadt 98,True,31.0,2.276470136542849,1.3998613533708606,-1.1945791582123624,1.877770464552363,1.8206012434386325,0.698830202510637,0.5680248179026923,1.7394387233588935,-0.9628924246583427,0.6600796648964175,1.4104378412193084,1.5779801969349527,0.36969162970701924,2.084829873415451,0.7294169774023761,-0.31692381602003944,1.016749510348389,0.9569620434611104
Marvin Schwäbe,28,de GER,GK,Köln,True,34.0,1.2762029553346272,0.2220132569108291,-1.0340010557167476,-0.7426685649466277,-0.6255526192348795,1.5034131302588052,-1.090402824093682,2.325142328321538,0.40861446704558346,0.08554920622804825,0.630738536209145,-1.618984913435042,-0.27575493406654733,-1.244293369388767,-0.8502512387127871,-1.3041193761254248,-0.8882407906775727,-0.3199342490383873
Kevin Trapp,33,de GER,GK,Eint Frankfurt,True,32.0,0.5260025694284614,-0.4593273798229072,-0.25272682626692944,0.21117124179100483,-0.6255526192348795,-0.4884883540621803,-1.090402824093682,-0.017672091529043508,0.1343130887047983,-1.3072519056952685,-0.0005893708078381103,-0.1742981323893276,-0.579494493489402,0.26698280982737865,-0.6388871816269548,-1.027704619295917,-0.29639914375688564,0.42148940467099805
Sven Ulreich,34,de GER,GK,Bayern Munich,True,11.0,-1.7245985882900368,-1.935192293200512,0.8651438103371581,-0.7426685649466277,2.8213005508959785,0.18072755964249865,-1.090402824093682,2.032290525840215,0.024592537368484196,-0.5063912663393614,0.3036857713619497,0.8183599146660536,-1.262908502190826,-1.3181679724860693,-1.7290807392275607,-0.5933385728495474,0.6468484810229596,2.3574289449121717
Robin Zentner,28,de GER,GK,Mainz 05,True,30.0,0.5260025694284614,-0.4872377191589877,-0.14078536058489036,-0.7426685649466277,0.638293543146435,-1.1755500254656506,-0.23354854239555528,2.617994130802861,0.46347474271374056,-0.10596094666140692,-0.1424098172730102,0.470981788419964,1.072089360872372,-0.22158057138807022,0.49580407220224626,1.8154185938075929,0.9242742530170319,0.7510110285418364
Michael Zetterer,28,de GER,GK,Werder Bremen,True,27.0,-0.16168111765219084,0.5657745896195657,-0.22647848258976166,-0.7426685649466277,-0.6255526192348795,-0.21584483366397786,-0.13834251109576345,0.568031513433601,1.066937775063468,1.4087102625552002,1.00268268651601,1.679382620746104,-0.028966542035476855,-0.6034462026829045,-0.4275231245411233,0.9071986785106387,0.018016731169729714,0.17434818676786962
Kepa Arrizabalaga,28,es ESP,GK,Real Madrid,True,13.3,-1.912148684766578,-1.1486917762065563,2.469380815077002,-0.7426685649466277,-0.6255526192348795,-1.9607633642124738,0.7457134938308753,-0.017672091529043508,0.9023569480589969,0.20741930352133903,-0.09796621294277853,-0.16937733990730466,-1.1110387224793983,-0.6507360641435651,-1.2618549288273009,-0.9092411520832707,-0.6478051216160435,0.21553838975172424
Augusto Batalla,27,ar ARG,GK,Granada,True,17.0,-0.7243314070818153,0.5722606525008624,-0.579287102015223,-0.7426685649466277,-0.6255526192348795,2.196248429153061,-1.090402824093682,-0.3105238940103666,-1.6760760083443842,0.015909150631882626,0.5584253620720769,0.1640787153450821,1.2429428630477277,0.6386080997985623,1.5526243576314045,0.9071986785106387,-0.07445852616162774,0.009587374832450403
Stole Dimitrievski,29,mk MKD,GK,Rayo Vallecano,True,37.0,0.4634858706029475,-0.3222901281277356,0.770958577142615,1.877770464552363,0.3991875124256459,-0.36911470459053475,0.2990906056870642,0.8608833159149242,0.3537541913774265,-1.3420719334933515,-0.7036349676309466,0.20087904576708043,1.2429428630477277,0.6653919044811696,0.718292553345227,-0.7118020400621936,-0.1299436805604422,0.17434818676786962
Marko Dmitrović,31,rs SRB,GK,Sevilla,True,13.0,-0.9118815035583568,0.5318474914712433,-0.7545333965657255,-0.7426685649466277,-0.6255526192348795,0.7572828083726836,0.886953210594303,0.568031513433601,-0.5240102193130863,-0.12337096056044862,-0.8461189817440578,1.0418946556676059,-0.028966542035476855,-0.10235555528244379,0.4401819519165011,0.4333448096600537,0.09199693703481526,0.5038698106387081
André Ferreira,27,pt POR,GK,Granada,True,14.9,-0.6618147082563015,0.3889096668899726,-1.9418849429034926,-0.7426685649466277,-0.6255526192348795,-0.3903366867188274,0.6233057393025715,1.4465869208775703,0.024592537368484196,0.5904396093002519,-0.5562409647689411,1.6166391528967734,-0.12388515435511904,0.7774812282924912,0.26219116700211637,-1.1856559089127785,-0.42586450402078585,-0.6494558729092257
Paulo Gazzaniga,31,ar ARG,GK,Girona,True,38.0,0.40096917177743363,0.2335345528183961,0.4961229786405048,0.1325580709060351,-0.6255526192348795,0.5188577055143362,-1.090402824093682,-0.017672091529043508,0.7926363967226828,0.19000928962229732,0.052233143112598496,0.2698681363827548,-0.5415270485615452,0.1650140460528295,0.31781328728786157,0.6307839216811307,-0.42586450402078585,-0.40231465500609725
Vicente Guaita,36,es ESP,GK,Celta Vigo,True,26.7,-0.036647720001163175,0.12100558102905953,-0.22647848258976166,-0.7426685649466277,-0.6255526192348795,0.22038479897314608,0.8137178019021551,0.8608833159149242,0.6280555697182117,0.46856951200696106,-1.1678823980390596,0.6385909837327381,0.5025776869545189,1.1784251502196252,0.3734354075736067,-0.23794817121160852,-0.16693378349298518,-0.3611244520222419
Sergio Herrera,30,es ESP,GK,Osasuna,True,31.9,0.4634858706029475,-0.5866300247570687,0.22900748121991504,4.498209494051354,-0.6255526192348795,0.24764915101296647,-1.090402824093682,1.7394387233588935,-0.13998828963598695,1.2346101235647855,0.07150154374473265,-1.4379854080000236,1.432780087687012,0.4922257912222433,1.0297764269454004,0.03846658561789948,0.46189796636024505,0.9157718404772549
Filip Jørgensen,21,dk DEN,GK,Villarreal,True,36.0,1.4637530518111688,1.406530490607678,-0.6549440926141182,-0.7426685649466277,0.42765251608288257,0.9837866560881132,-0.3763575893452431,-0.3105238940103666,-0.249708840972301,0.729719720492583,-0.05447900622161663,0.5567129285512111,-0.5984782159533306,0.38865568254386973,-0.4608963967125709,-0.3564116384242547,-0.1854288349592567,-0.3199342490383873
Jeremías Ledesma,30,ar ARG,GK,Cádiz,True,33.9,0.4634858706029475,0.06032087517088803,0.10162581337483585,-0.7426685649466277,-0.6255526192348795,0.11774253247029365,-1.090402824093682,0.568031513433601,-0.03026773829967285,0.7123097065935413,-0.49171551190074686,-1.1541164607935732,2.116194096388436,1.4480130971415022,2.242338649174645,1.5784916593823006,0.4249078634277021,-0.5258852639576611
Andriy Lunin,24,ua UKR,GK,Real Madrid,True,21.0,-1.4120150941624674,-1.1039233121085825,1.7344271921163035,-0.7426685649466277,-0.6255526192348795,-0.8390300231455835,-1.090402824093682,0.8608833159149242,1.176658326399782,-0.07114091886332471,-0.5477940280009326,0.09306492580059252,-1.4527457268301103,-0.47508800728968287,-1.4732189859131328,1.3415647249570082,-0.00047832029654177666,-0.8142166848446449
Giorgi Mamardashvili,22,ge GEO,GK,Valencia,True,36.5,0.08838567764986449,-0.30575679123853555,0.770958577142615,1.877770464552363,-0.6255526192348795,-0.6874444365149226,0.2990906056870642,0.8608833159149242,1.6155405317450386,-1.4291220029885587,-0.9202799898883168,-0.6051034029730187,1.6226173123262964,0.3258319653351443,1.2745137562026787,0.9466865009148541,-0.4628546069533288,-0.7730264818607896
Luís Maximiano,24,pt POR,GK,Almería,True,33.0,1.4637530518111688,0.5006191397665378,-0.5383705662831673,0.30550704685296853,-0.6255526192348795,0.5376427136183274,-1.090402824093682,1.1537351183962472,-0.4691499436449293,-1.1679717945029366,0.07551579387642743,-0.016683658040892058,0.5025776869545189,1.1935685328221959,0.48467964814509706,-0.6328263952537627,0.09199693703481526,0.133157983784015
Ørjan Nyland,32,no NOR,GK,Sevilla,True,24.0,-0.7868481059073291,0.33146556803271476,-0.011859672523507203,-0.7426685649466277,0.9542550837417636,-1.4700050274957093,-0.019334971971023622,-0.6033756964916897,0.9572172237271539,0.20741930352133903,-0.8249407244146517,0.0668206992298029,1.2429428630477277,1.4462737300026007,1.6082464779171497,-0.19846034880739324,-0.7217853274811294,-0.2787440460545327
Jan Oblak,30,si SVN,GK,Atlético Madrid,True,38.0,0.21341907530089216,-0.5499135688961517,0.6991616370844795,-0.7426685649466277,-0.6255526192348795,-1.03090546306492,-1.090402824093682,-0.017672091529043508,-0.35942939230861515,-0.3322911273489467,-1.5652983836376135,0.32788168985502647,-0.2567712116026186,0.8211608738194944,-0.36077658019822895,0.03846658561789948,-0.9622209965426586,-0.9789774967800634
Iñaki Peña,24,es ESP,GK,Barcelona,True,10.0,-1.4120150941624674,-1.2315134347878083,-0.3978647265995043,-0.7426685649466277,-0.6255526192348795,-1.9607633642124738,-1.090402824093682,2.325142328321538,-1.621215732676227,1.2346101235647855,-0.7314608815978794,0.1770464508271193,-1.737501563789037,-0.9628491497839244,-0.7167581500269984,-1.7384854225717943,-1.1101814082728303,-1.473259932586321
Predrag Rajković,27,rs SRB,GK,Mallorca,True,36.0,0.21341907530089216,-0.5782047510691772,-0.011859672523507203,0.30550704685296853,0.42765251608288257,-0.6520744663011019,-0.3763575893452431,-0.3105238940103666,0.024592537368484196,0.8167697899877904,-0.5197439773187957,-1.311001195736657,2.2490801536359357,1.418195374760334,1.3746335727170198,0.19641787523476095,-0.592319967217229,-0.19636364008682342
Álex Remiro,28,es ESP,GK,Real Sociedad,True,36.4,-0.22419781647770468,-0.6622651951420291,1.1878440355446918,0.1325580709060351,-0.6255526192348795,-0.36911470459053475,-0.39565610920330896,-0.6033756964916897,0.5183350183818975,0.9734599150791634,0.04378998404439687,-1.5320583349290777,-0.16185259928297646,-1.179823868535158,0.9964031547739528,-0.5538507504453318,0.7023336354217741,1.1217228553965288
Rui Silva,29,pt POR,GK,Betis,True,27.5,-0.22419781647770468,0.09465056760536261,0.5393555446970166,-0.08755880757188005,2.0826891572965085,-0.6988133555122222,0.7457134938308753,-0.6033756964916897,0.7926363967226828,-0.3322911273489467,-0.24392217460330373,-0.12356923534738078,0.12290323767595011,0.2868929162718953,0.11757365425917925,0.8677108561064235,0.25845240023125865,0.2979187957194342
Unai Simón,26,es ESP,GK,Athletic Club,True,35.4,-0.4117479129542462,-0.7218737922216333,1.4889279777239692,3.1879899793018582,-0.6255526192348795,-1.3064189152567878,1.7657781149000737,-0.017672091529043508,1.5058199804087244,-0.5934413358345688,-0.29503351234789876,-0.40957873563995634,1.1100568058002294,0.3712058572520658,2.1088455604888563,0.31488134244740745,0.36942270902888763,0.8745816374934011
Antonio Sivera,26,es ESP,GK,Alavés,True,34.0,-0.09916441882667701,-0.6973861565130083,0.32859678517152224,-0.7426685649466277,-0.6255526192348795,-0.9215104158710901,0.4216929671383064,-0.8962274989730128,0.46347474271374056,0.6948996926944997,-0.9104359875871234,-1.1326948328586448,2.230096431172007,1.6494288885201807,0.6515460090023326,-0.4353872832326856,-0.4628546069533288,-0.4435048579899519
David Soria,30,es ESP,GK,Getafe,True,37.9,0.7760693647305167,0.1282134926565064,0.09004566175255604,0.1325580709060351,-0.6255526192348795,-0.1010475619173663,-1.090402824093682,0.27517971095227794,0.3537541913774265,0.25964934521846295,-0.588377627771852,-1.3160907752958997,2.4579011007391474,1.3144758567150197,1.7083662944314908,-0.9487289744874859,0.979759407415846,1.2864836673319486
Marc-André ter Stegen,31,de GER,GK,Barcelona,True,28.0,-0.7868481059073291,-0.5191352498287949,2.1937732064667403,-0.7426685649466277,-0.6255526192348795,-1.54011336131239,-1.090402824093682,-0.8962274989730128,0.2440336400411124,3.358631819247845,0.22236279833686193,-0.3662090391882278,-1.2439247797268973,-0.27452832698777446,-1.228481656655854,-0.8697533296790553,0.018016731169729714,0.5862502166064173
Álvaro Vallés,26,es ESP,GK,Las Palmas,True,36.3,0.27593577412640596,-0.0775785236145292,-0.2727990890788812,1.2226607071776152,-0.6255526192348795,-0.36911470459053475,0.9938373205774373,-0.017672091529043508,1.2315186020679392,-0.9068215860173147,2.901182954759288,0.997514717537726,-1.054087555087613,-1.3942811999196525,-0.31627888396963294,-0.19846034880739324,2.8662546569755363,1.4924346822512224
Iván Villar,26,es ESP,GK,Celta Vigo,True,11.3,-1.3494983953369537,-1.081340989510489,-1.9418849429034926,1.0025438286997,-0.6255526192348795,0.0022699826545841116,1.0517328801516348,0.8608833159149242,-0.3045691166404581,-1.3072519056952685,-1.5252179564261037,-0.21118230258643914,0.2937567398513058,1.6467979130159602,0.4179331038022035,-0.9487289744874859,-0.5553298642846861,-0.40231465500609725
Alaa Bellaarouch,21,ma MAR,GK,Strasbourg,True,15.0,-0.849364804732843,-0.8345663864524374,-0.9127954687368844,0.5675509498028676,-0.6255526192348795,-1.1755500254656506,0.6233057393025715,-0.8962274989730128,-1.8406568353488553,-0.9068215860173147,-0.05021052024824844,-0.7047595619514149,0.2937567398513058,-1.4570282020478271,-0.6611360297412532,1.302076902552793,0.5543732236916021,-0.3199342490383873
Marco Bizot,32,nl NED,GK,Brest,True,32.0,-0.3492312141287323,-0.13370675423529815,1.1940201164099076,1.0025438286997,-0.6255526192348795,-0.4884883540621803,-1.090402824093682,-0.3105238940103666,0.46347474271374056,2.1399308463149422,-0.19747328632946548,-0.27763477451181207,0.42664279709880537,-0.23842758453343077,0.5959238887165874,-0.5538507504453318,0.3324326060963446,0.6274404195902719
Marcin Bułka,23,pl POL,GK,Nice,True,34.0,-0.6618147082563015,-1.2665381743468123,1.9181655978564782,1.2226607071776152,-0.6255526192348795,-1.6143457147653457,-0.33435492847768783,-1.7747829064169813,0.5183350183818975,0.5904396093002519,0.3505249864280053,0.22891739275526918,-1.69953411886118,-1.283933400319027,-1.8292005557419018,0.9466865009148541,-0.8882407906775727,-0.8142166848446449
Lucas Chevalier,21,fr FRA,GK,Lille,True,33.0,-0.47426461177976,-0.4015332428138507,1.566900998647321,1.3536826586525648,-0.6255526192348795,-1.2469330562608163,0.467514051721094,-0.6033756964916897,1.012077499395311,-1.115741752805813,0.37353372365343646,-0.8517272307478372,-0.6174619384172587,-1.6857391683848397,0.28444001511641476,0.11744223042633038,-0.4628546069533288,-0.6082656699253711
Arthur Desmas,29,fr FRA,GK,Le Havre,True,33.0,0.21341907530089216,0.5006191397665378,-0.30445150351311295,1.877770464552363,-0.6255526192348795,-0.1761875943333301,0.467514051721094,0.568031513433601,1.066937775063468,-0.2974710995508633,-1.2096865282869227,-0.38410283003194773,0.8063172463773741,0.3359024090583983,-0.31627888396963294,0.27539352004319184,-0.6847952245485865,-0.6906460758930804
Mory Diaw,30,sn SEN,GK,Clermont Foot,True,30.0,0.9011027623815443,2.1425364760628454,-0.6549440926141182,0.006776997490083647,-0.6255526192348795,0.0022699826545841116,-0.23354854239555528,-0.017672091529043508,0.8474966723908399,0.19000928962229732,0.8973933658395843,-0.1536308039648309,0.7303823565216606,-0.24404325558188447,0.28444001511641476,1.1046377905317157,0.7948088927531315,0.09196778080016037
Yehvann Diouf,23,fr FRA,GK,Reims,True,34.0,0.4634858706029475,-0.5660433831667456,-0.12534515842185026,0.006776997490083647,0.4896057593368686,-0.5750927664239622,-0.33435492847768783,-0.3105238940103666,-0.4691499436449293,-0.12337096056044862,0.571984082222777,0.9097235055622254,-0.5225433260976166,-1.0857332456677293,-0.5610162132269121,0.47283263206426895,0.46189796636024505,0.009587374832450403
Gianluigi Donnarumma,24,it ITA,GK,Paris S-G,True,24.1,-1.224464997685926,0.990813556774429,1.146155489704484,0.5675509498028676,-0.6255526192348795,-1.018507357716286,-1.090402824093682,-0.8962274989730128,2.4384446667673942,0.4337494842088776,-0.47061210972491846,0.2749232592994252,-1.6425829514693948,-0.534473645407294,-2.107311157170628,-0.39589946082847033,-0.27790409229061414,-0.40231465500609725
Philipp Köhn,25,ch SUI,GK,Monaco,True,22.0,-0.47426461177976,-0.10833371847522466,-0.18710596707400984,0.1325580709060351,1.0978739658305494,1.2514730215699845,0.07803483276739998,-0.3105238940103666,0.3537541913774265,-0.5063912663393614,-0.8138814653018333,-0.33400021566953053,-0.14286887681904775,-0.21545438478975756,0.1731957745449244,0.6702717440853461,-0.44435955548705736,-1.1849285116993373
Alban Lafont,24,fr FRA,GK,Nantes,True,27.7,0.21341907530089216,-0.4759526722072148,-0.011859672523507203,-0.7426685649466277,-0.6255526192348795,-1.1194633584123062,-1.090402824093682,0.8608833159149242,-0.03026773829967285,-0.7153114331278589,0.09661306947830837,0.8766019429140615,0.2178218499955923,-0.15905808216991021,0.5514261924879914,0.9861743233190693,0.16597714289990123,-0.4846950609738065
Benjamin Lecomte,32,fr FRA,GK,Montpellier,True,30.0,-0.16168111765219084,0.5547482827213608,0.6312247475671038,0.30550704685296853,1.9021397055277496,-0.7829433560922389,1.4801600210006984,-1.189079301454336,0.5731952940500546,-0.2452410578537394,-0.5573066538844395,0.14030453362801384,0.711398634057732,0.7667775331397344,-0.6166383335126572,0.03846658561789948,-1.2396467685367307,-1.9263521654087232
Anthony Lopes,32,pt POR,GK,Lyon,True,31.0,0.5885192682539752,0.5835589555844122,0.29926040106174656,0.30550704685296853,0.5975243121018765,0.698830202510637,-0.26118900309549486,-0.8962274989730128,-0.7434513219857144,0.12036923402613169,-0.3988494391053232,0.6535061512800374,-0.08591770942726298,0.06318829597221338,-0.8725000868270847,0.8282230337022075,-0.3703793496219714,-0.7318362788769349
Pau López,28,es ESP,GK,Marseille,True,32.7,-0.036647720001163175,-0.5914818407975206,-0.30445150351311295,-0.7426685649466277,0.5233984374754065,0.5376427136183274,-0.31144438618629405,-1.189079301454336,-0.8531718733220286,-1.255021863998144,0.3482859317242197,-1.084313679072451,-0.6554293833451161,-1.126888568300216,-0.5165185169983161,-0.9487289744874859,-0.6108150186835005,-0.11398323411911346
Radosław Majecki,23,pl POL,GK,Monaco,True,12.0,-1.8496319859410644,1.0757412836615354,2.5612500179470894,-0.7426685649466277,-0.6255526192348795,-1.9607633642124738,1.0517328801516348,0.27517971095227794,2.657885769440022,-0.628261363632651,-0.7673161637741753,1.352787801198499,-0.16185259928297646,0.2950611650696461,-0.9503710552271283,0.7887352112979922,-0.9622209965426586,-1.3084991206509018
Steve Mandanda,38,fr FRA,GK,Rennes,True,34.0,0.40096917177743363,0.046889559115812426,-0.35231613021853664,-0.7426685649466277,-0.6255526192348795,-0.2286751169768343,1.177740862754301,-0.8962274989730128,-0.6885910463175575,-0.628261363632651,0.03867442296189797,-0.06285665559056934,-0.2567712116026186,-0.3920327043881863,0.12869807831632843,0.749247388893777,-0.018973371762813267,0.38029920168714343
Yvon Mvogo,29,ch SUI,GK,Lorient,True,34.0,1.6513031482877103,1.710564688168471,-1.0340010557167476,-0.7426685649466277,0.4896057593368686,0.8105778313645492,-0.33435492847768783,-0.3105238940103666,-0.249708840972301,0.1725992757232556,-0.39520462186051136,0.3585947475756414,-0.27575493406654733,0.3214878523564857,-0.34965215614108053,-0.7907776848706245,-1.332122025868088,-2.1734933833118517
Alexandre Oukidja,35,dz ALG,GK,Metz,True,33.2,1.0886528588580857,1.2326668863543584,-0.579287102015223,-0.7426685649466277,0.4896057593368686,0.46416018191742126,-1.090402824093682,-0.6033756964916897,-0.6885910463175575,-0.7675414748249835,-1.280768741582757,-0.7432721739552968,1.812454536965581,1.7294253364818488,1.8974815034030248,0.7887352112979922,-0.8142605848124868,-1.596830541537885
Guillaume Restes,18,fr FRA,GK,Toulouse,True,34.0,0.40096917177743363,-0.4347006098204829,-0.579287102015223,-0.7426685649466277,1.6047641379086168,0.11774253247029365,-1.090402824093682,0.568031513433601,-0.03026773829967285,-0.6108513497336104,-1.3849911928616336,-1.8783396230757876,-0.6744131058090441,-0.37221268892305664,-0.33852773208393133,-1.8569488897844404,-1.165666562671645,-1.4320697296024665
Brice Samba,29,fr FRA,GK,Lens,True,33.0,-0.2867145153032185,0.04954294847634321,1.3329819358772668,0.006776997490083647,-0.6255526192348795,0.18072755964249865,-0.31144438618629405,-0.3105238940103666,1.4509597047405673,1.4609403042523252,-0.14334112330356358,-0.11688888676572541,-0.2567712116026186,-0.7259699346491612,-0.9392466311699791,0.8282230337022075,0.14748209143362973,0.2567285927355796
Alisson,30,br BRA,GK,Liverpool,True,28.0,-0.5992980094307877,-0.2533224942470728,0.26374793608675473,-0.7426685649466277,-0.6255526192348795,-0.2781633526121384,-0.1723446651314034,-0.6033756964916897,0.024592537368484196,-0.5238012802384031,1.0455708074865235,0.6179494572163868,-1.5476643391497527,-1.405684923890538,-0.9614954792842775,-0.7118020400621936,0.14748209143362973,1.451244479267367
Alphonse Areola,30,fr FRA,GK,West Ham,True,30.0,0.8385860635560305,2.2417732381466875,-0.9459919033874201,0.756222559926795,-0.6255526192348795,-0.8209375499025692,1.3972386389008795,-1.189079301454336,0.46347474271374056,0.24223933131942246,-1.2641679310742824,0.3974979540217531,0.749366078985588,0.721852164752107,0.5959238887165874,-0.11948470399896233,-1.6095477978621602,-2.1734933833118517
Martin Dúbravka,34,sk SVK,GK,Newcastle Utd,True,22.1,0.15090237647537832,1.3535817657401672,-0.26353496778105745,0.30550704685296853,-0.6255526192348795,0.5997149143097757,-1.090402824093682,0.27517971095227794,0.1343130887047983,-0.3322911273489467,-1.2202005941069691,2.2389163924710447,-1.4147782819022536,0.9557283472406383,-0.31627888396963294,0.27539352004319184,-0.1854288349592567,-0.5258852639576611
Ederson,29,br BRA,GK,Manchester City,True,30.9,-0.7868481059073291,-1.8086281968093796,0.39730568479704975,-0.7426685649466277,-0.6255526192348795,-1.2469330562608163,-0.31144438618629405,0.568031513433601,0.29889391570926943,1.826550596132195,1.0120208629496583,-0.006306417525698093,-1.0730712775515416,-1.7113145104943008,-0.6277627575698064,1.5784916593823006,0.9612643559495748,1.2864836673319486
Mark Flekken,30,nl NED,GK,Brentford,True,36.5,1.4637530518111688,0.10206551869506446,-0.4812418182799195,-0.7426685649466277,-0.6255526192348795,-0.05078497266614697,-1.090402824093682,0.8608833159149242,-1.0726129759946568,0.2770593591175047,0.8647657607280815,-0.9372905995676719,0.3127404623152345,1.1381810923442988,0.5291773443736938,0.6307839216811307,-0.16693378349298518,-0.6494558729092257
Wes Foderingham,32,eng ENG,GK,Sheffield Utd,True,29.4,2.46402023301939,2.075703554659441,-1.6848055768888788,-0.7426685649466277,-0.6255526192348795,1.180089990774819,3.193868584396952,1.4465869208775703,-0.5788704949812433,-0.4367512107431958,-0.470438608728456,-1.1066711460069372,1.394812642759156,1.807854182204042,1.1521450915740392,-0.040509059190531424,0.6098583780904165,0.21553838975172424
Dean Henderson,26,eng ENG,GK,Crystal Palace,True,18.0,-0.5992980094307877,0.2074196154279111,-0.22647848258976166,-0.7426685649466277,-0.6255526192348795,0.0022699826545841116,0.33768764540319585,0.8608833159149242,-0.4142896679767722,-2.0384724894550104,-1.3392932842055703,-1.709038632060301,1.0910730833363007,-0.26650593977569814,0.5625506165451406,-1.6200219553591482,-0.29639914375688564,-0.15517343710296808
Sam Johnstone,30,eng ENG,GK,Crystal Palace,True,20.0,-0.7868481059073291,-1.4547961494764552,0.3741453815524899,-0.7426685649466277,-0.6255526192348795,0.39487665202799593,0.19487859845350822,-0.3105238940103666,-1.56635545700807,-0.4889812524403197,-1.0772082454407372,-1.421226947333974,1.5846498673984404,0.5533820332985039,1.2077672118597844,0.393856987255838,-0.9252308936101157,-1.2261187146831927
Thomas Kaminski,30,be BEL,GK,Luton Town,True,37.8,2.839120425972473,1.0068268655477564,-1.5358076260155438,-0.7426685649466277,-0.6255526192348795,2.0686208740935927,1.615452802321455,1.7394387233588935,-0.4142896679767722,-0.4019311829451124,-0.0006147784624411252,-0.5193003608511673,1.2619265855116564,1.8817110803469672,0.6181727368308858,-1.2646315537212094,1.6825713631341617,2.604570162815301
Caoimhín Kelleher,24,ie IRL,GK,Liverpool,True,10.0,-1.7871152871155505,-0.3383825760332241,-0.3978647265995043,-0.7426685649466277,-0.6255526192348795,1.5726966601482304,1.4801600210006984,0.568031513433601,0.7926363967226828,-0.7675414748249835,1.7579201380706972,0.8384009604110206,-1.054087555087613,-2.3106102014127496,-0.7835046943698928,0.15693005283054567,0.36942270902888763,1.1629130583803842
Bernd Leno,31,de GER,GK,Fulham,True,38.0,1.3387196541601412,0.7036034258471251,0.09004566175255604,-0.7426685649466277,1.3699939529461433,-1.03090546306492,1.615452802321455,-0.6033756964916897,-0.08512801396782989,-0.5238012802384031,0.9904014286277218,-0.049206407714741454,-0.8262828855204718,-0.633002366095817,0.30668886323071315,-0.8302655072748398,-0.09295357762789923,0.009587374832450403
Emiliano Martínez,30,ar ARG,GK,Aston Villa,True,33.5,0.5260025694284614,-0.2850613307344424,-0.12534515842185026,-0.7426685649466277,-0.6255526192348795,1.5034131302588052,1.9337887583702948,2.617994130802861,1.176658326399782,0.10295922012708997,1.2677960143345859,0.27246575818002056,-0.9781526652318994,-0.9990576556485794,-0.650011605684104,2.368248107466609,1.7750466204655195,1.368864073299658
Arijanet Muric,24,xk KVX,GK,Burnley,True,10.0,-1.4745317929879813,4.722692290242757,-1.9418849429034926,1.877770464552363,-0.6255526192348795,-0.7829433560922389,1.4801600210006984,-0.6033756964916897,3.7550912828031637,-0.10596094666140692,3.847770870631971,1.0588524636056544,0.2747730173873771,-1.9736699385055434,0.35118655945930916,3.118516733146702,3.698531972957753,1.2452934643480933
Neto,34,br BRA,GK,Bournemouth,True,32.0,0.9636194612070581,0.6105689613935225,-0.25272682626692944,0.1325580709060351,0.5593031579976029,-0.8565571065997536,-0.2871019350016882,0.8608833159149242,0.29889391570926943,-0.17560100225757377,-0.5576267903324423,0.4112761729714179,0.7683498014495167,0.498629240576083,0.25106674294496795,0.07795440802211476,-0.07445852616162774,-0.19636364008682342
André Onana,27,cm CMR,GK,Manchester Utd,True,38.0,1.1511695576835996,1.2128447049615814,-0.11376500679957045,-0.7426685649466277,0.37222066685563193,1.4487156066618903,-0.4139389174898978,-0.3105238940103666,0.40861446704558346,-1.1853818084019785,0.9054810234733355,-0.8323893795904131,-0.3137223789944041,-1.3246165899579772,0.29556443917356395,0.35436916485162273,-0.24091398935807115,-0.5258852639576611
Đorđe Petrović,23,rs SRB,GK,Chelsea,True,22.1,-0.09916441882667701,0.4106080083823854,-0.26353496778105745,-0.7426685649466277,-0.6255526192348795,0.5997149143097757,2.262505234725075,-0.6033756964916897,-1.56635545700807,-0.7849514887240245,-0.003392375454377464,-0.05537526973554884,-0.9591689427679707,0.34588171754433705,-0.4608963967125709,0.11744223042633038,-0.3518842981556999,-0.6082656699253711
Jordan Pickford,29,eng ENG,GK,Everton,True,38.0,0.7135526659050028,0.07684492847548667,0.6991616370844795,-0.7426685649466277,-0.6255526192348795,0.8288103392301874,0.9389888957176707,-0.017672091529043508,0.7377761210545257,0.729719720492583,0.6871142673620562,-0.8033826028542769,1.6605847572541539,0.6438238933420173,0.7071681292880778,-0.31692381602003944,0.591363326624145,0.7098208255579819
Nick Pope,31,eng ENG,GK,Newcastle Utd,True,14.9,-1.4745317929879813,-0.31040979745925484,0.6312247475671038,-0.7426685649466277,1.9021397055277496,-0.3903366867188274,-1.090402824093682,0.568031513433601,0.3537541913774265,-0.19301101615661426,-1.4225430844646922,1.6166391528967734,-0.807299163056543,0.09907801438536444,0.2065690467163712,0.07795440802211476,1.4236406426063617,1.9867171180574794
David Raya,27,es ESP,GK,Arsenal,True,32.0,-0.9743982023838706,-2.4130511333485614,1.9181655978564782,1.0025438286997,0.5593031579976029,-0.1204196015246069,-0.2871019350016882,-0.6033756964916897,-0.35942939230861515,0.22482931742038073,0.09545156359295573,0.5835039098422253,-0.4086409913140463,-2.175834096249867,0.6181727368308858,2.407735929870824,0.8502940471519459,1.5336248852350765
José Sá,30,pt POR,GK,Wolves,True,33.7,1.1511695576835996,1.2800306121353213,-1.0594773892857634,-0.7426685649466277,0.4577440913776758,0.39487665202799593,-0.3559562969238591,0.8608833159149242,1.5058199804087244,-2.6652329898205034,-0.7229340425555298,1.3211701276443721,0.02798462535630792,0.8616273836079744,0.07307595803058325,0.9861743233190693,-0.4998447098858718,-0.6494558729092257
Robert Sánchez,25,es ESP,GK,Chelsea,True,15.9,-0.9118815035583568,0.361891933765968,-0.4943659901185036,1.0025438286997,-0.6255526192348795,0.24764915101296647,-1.090402824093682,-0.017672091529043508,-0.194848565304144,0.9908699289782051,0.4291485083081665,1.137882247769768,-0.9022177753761853,-0.3406751800382905,-0.9169977830556807,1.302076902552793,1.1092247676797464,0.6686306225741272
Jason Steele,32,eng ENG,GK,Brighton,True,17.0,-0.3492312141287323,-0.8287289298592703,-1.0340010557167476,-0.7426685649466277,1.6047641379086168,1.5034131302588052,1.9337887583702948,1.1537351183962472,-1.9503773866851695,-0.036320891065241286,1.0194218471958874,-0.41946938134659495,-1.1869736123351118,-2.0569140034590885,-2.574536967570887,-0.8302655072748398,2.4223734217850215,2.6457603657991564
James Trafford,20,eng ENG,GK,Burnley,True,28.0,1.401236352985655,1.1289038347778795,-1.3906697256829688,-0.7426685649466277,-0.6255526192348795,2.2457366647883648,0.7457134938308753,0.568031513433601,-1.0726129759946568,-2.2648026701425494,2.7523554131234875,1.4840089340524472,-0.2947386565304754,0.5678223302802413,1.3635091486598714,0.4333448096600537,0.813303944219403,0.3391089987032888
Matt Turner,29,us USA,GK,Nott'ham Forest,True,17.0,-0.7243314070818153,0.046889559115812426,-1.0340010557167476,-0.7426685649466277,1.6047641379086168,0.8105778313645492,-1.090402824093682,-0.6033756964916897,-1.8406568353488553,1.6002204154446564,-0.616663717655283,1.5256909409589954,0.5405451318823763,1.1935685328221959,0.5625506165451406,1.5784916593823006,-0.07445852616162774,-0.3611244520222419
Bart Verbruggen,20,nl NED,GK,Brighton,True,21.0,-0.7243314070818153,-0.04067228978169558,-0.47120568687394365,-0.7426685649466277,-0.6255526192348795,-0.2781633526121384,-1.090402824093682,-0.8962274989730128,-0.5788704949812433,0.5033895398050445,1.2157004627107864,1.2478108949153397,-1.604615506541538,-1.8870281566151188,-2.9193941133425074,0.47283263206426895,0.7023336354217741,0.6686306225741272
Guglielmo Vicario,26,it ITA,GK,Tottenham,True,38.0,1.3387196541601412,-0.23653432021033288,-0.5198423236875193,-0.7426685649466277,0.37222066685563193,0.5188577055143362,0.9389888957176707,1.1537351183962472,0.3537541913774265,-2.1255225589502174,0.9540069692758422,0.7049697874247944,-1.6805503963972515,-0.633002366095817,-2.19630654962782,0.15693005283054567,1.9045119807294195,1.2041032613642395
Etrit Berisha,34,al ALB,GK,Empoli,True,14.0,-0.9118815035583568,0.7036034258471251,0.26374793608675473,1.0025438286997,-0.6255526192348795,2.2457366647883648,0.7457134938308753,-1.189079301454336,-1.2371938029991278,-2.0732925172530936,-0.16728899266064431,1.0116128557782322,0.02798462535630792,0.13461342082811922,-0.12716367499809983,-0.5538507504453318,-0.7217853274811294,-0.7318362788769349
Elia Caprile,21,it ITA,GK,Empoli,True,23.0,-0.7868481059073291,0.541804357232164,-0.26353496778105745,0.30550704685296853,-0.6255526192348795,0.5997149143097757,-1.090402824093682,-1.7747829064169813,0.18917336437295532,-0.4193411968441541,-0.1682434367292239,1.6722827333646342,0.749366078985588,0.4610897004152255,0.35118655945930916,0.7097595664895616,-0.42586450402078585,-0.3611244520222419
Marco Carnesecchi,23,it ITA,GK,Atalanta,True,26.9,-0.5992980094307877,-0.3560902510519016,0.345581007550866,1.0025438286997,-0.6255526192348795,-1.0883040989382258,-1.090402824093682,-1.7747829064169813,-0.08512801396782989,-0.0015008632671590885,-0.6732507925841041,0.9252703259821407,0.17985440506773487,0.6374292141203393,1.0853985472311456,-0.040509059190531424,0.6468484810229596,0.21553838975172424
Andrea Consigli,36,it ITA,GK,Sassuolo,True,35.0,1.776336545938738,-0.5510327804986014,-1.2802722802172335,-0.08755880757188005,0.4577440913776758,0.39487665202799593,1.112936757415787,-0.017672091529043508,-2.0052376623533266,-0.6804914053297761,-0.24631696153901209,-0.38982884310193844,0.7683498014495167,0.654464112170666,-0.08266597876950307,-0.7512898624664088,-0.8697457392113012,-0.9789774967800634
Benoît Costil,36,fr FRA,GK,Salernitana,True,13.0,-0.6618147082563015,-0.15517624603228364,-1.348209169734609,-0.7426685649466277,-0.6255526192348795,-0.1487325824890355,0.886953210594303,1.1537351183962472,-1.7857965596806984,-0.8197715165221073,-0.7397351774847167,-1.0778313365884868,0.7873335239134455,1.1935685328221959,1.0186520028882513,-2.0543880018055174,0.6653435324892311,1.6571954941866411
Michele Di Gregorio,26,it ITA,GK,Monza,True,31.9,-0.2867145153032185,1.186566037556109,0.8651438103371581,1.3536826586525648,0.5233984374754065,-0.1761875943333301,-1.090402824093682,-0.6033756964916897,1.8898419100858237,1.0082799428772469,0.8663230698202679,2.0519208337959007,-0.42762471377797434,0.5133505725957358,0.25106674294496795,-0.7907776848706245,-0.9992110994752014,-1.102548105731628
Wladimiro Falcone,28,it ITA,GK,Lecce,True,38.0,0.9011027623815443,0.15518974064694172,-0.5198423236875193,0.1325580709060351,0.37222066685563193,0.20890507179848494,-0.4139389174898978,-0.017672091529043508,0.1343130887047983,-0.8197715165221073,-0.9465925746556574,-0.2812606216038292,0.38867535217094795,0.2004814421483247,-0.7501314221984452,-0.9092411520832707,-1.0546962538740159,-1.3084991206509018
Mike Maignan,28,fr FRA,GK,Milan,True,29.0,-0.3492312141287323,-0.0920016494802347,0.720005910004583,-0.7426685649466277,1.9893015098299092,-0.7423288730536102,-1.090402824093682,-2.65333831386095,-0.6885910463175575,1.0605099845743708,1.1119951778799784,2.2523312912455666,-0.8832340529122572,-0.7815985255993584,-0.4386475485982725,1.8943942386160242,0.25845240023125865,0.42148940467099805
Josep Martinez,25,es ESP,GK,Genoa,True,36.0,0.21341907530089216,-0.9089939580153199,-0.22647848258976166,0.5675509498028676,0.42765251608288257,-0.6520744663011019,-0.3763575893452431,-0.017672091529043508,-0.4142896679767722,0.5382095676031267,0.7906812165053692,-1.6171838390625368,0.5785125768102324,-0.9965431760746449,0.8295367939167173,0.6702717440853461,0.018016731169729714,-0.8142166848446449
Alex Meret,26,it ITA,GK,Napoli,True,30.8,0.025868978824350658,-1.509891884269757,-0.6966326384543261,1.877770464552363,0.5975243121018765,-0.061053673695966086,-1.090402824093682,1.4465869208775703,-0.3045691166404581,-0.628261363632651,-0.6961377742961844,-0.5988283201565908,-0.9401852203040427,-1.200020088090036,-1.3842235934559404,-1.34360719852964,-0.29639914375688564,0.5038698106387081
Vanja Milinković-Savić,26,rs SRB,GK,Torino,True,36.0,-0.5367813106052738,-0.24741554412303457,1.9181655978564782,-0.7426685649466277,-0.6255526192348795,-0.6520744663011019,-1.090402824093682,-2.0676347088983045,0.5183350183818975,-0.3671111551470289,0.9400782255732705,0.3423850782230949,1.0341219159445145,0.27634226157480135,2.742937731746351,1.2625890801485777,-0.1299436805604422,-0.23755384307067803
Lorenzo Montipò,27,it ITA,GK,Hellas Verona,True,37.0,0.5885192682539752,-0.282059008364016,-0.2727990890788812,-0.7426685649466277,-0.6255526192348795,-0.05078497266614697,-0.39565610920330896,-0.6033756964916897,-1.0177527003264997,1.1301500401705364,-0.5707350800276856,-1.64614706207985,1.5656661449345117,1.3574854174797562,1.6082464779171497,-0.6328263952537627,0.11049198850108675,0.4626796076548534
Juan Musso,29,ar ARG,GK,Atalanta,True,11.0,-1.7245985882900368,-1.3939008636522787,2.269430197065635,-0.7426685649466277,-0.6255526192348795,0.18072755964249865,1.246472489628482,-1.4819311039356582,-0.5240102193130863,-0.4367512107431958,-0.3808241610946171,2.1210278880888884,-0.6174619384172587,0.09085494512588425,0.7405414014595253,1.1836134353401464,0.6468484810229596,1.0393424494288195
Guillermo Ochoa,38,mx MEX,GK,Salernitana,True,21.0,0.27593577412640596,0.5972783236144361,-1.5744081314231435,-0.7426685649466277,-0.6255526192348795,-0.2781633526121384,0.13367472118935617,-0.3105238940103666,-1.4566349056717562,-1.655452183676098,-1.0526949402793915,-1.0616810433141546,0.8822521362330876,1.2898371793671117,0.27331559105926556,-1.3830950209338555,-1.0731913053402873,-0.23755384307067803
Maduka Okoye,23,ng NGA,GK,Udinese,True,21.0,-0.9118815035583568,0.10109451319522281,-0.10372887539359461,-0.7426685649466277,2.985436416140305,-0.2781633526121384,0.13367472118935617,-1.189079301454336,0.07945281303664124,0.3118793869155881,-2.4649540137539216,-2.5313577312783786,1.6795684797180825,0.9689416908840587,0.7850390976881213,-1.6595097777633634,-1.8499834669236892,-2.2558737892795615
Rui Patrício,35,pt POR,GK,Roma,True,23.0,-0.7868481059073291,-1.3350648387013835,0.07228942926506016,-0.7426685649466277,-0.6255526192348795,-0.9365720528035739,1.1448692151188227,0.27517971095227794,-0.3045691166404581,1.1997900957667031,-1.2706263359383358,-0.771853497706303,-0.35168982392226084,-0.18349167210290812,-0.7835046943698928,-0.3564116384242547,-1.3876071802669026,-1.0201676997639186
Ivan Provedel,29,it ITA,GK,Lazio,True,30.0,-0.4117479129542462,-0.23914581394938103,0.3741453815524899,-0.7426685649466277,-0.6255526192348795,-1.5681566948390622,-1.090402824093682,-1.189079301454336,-0.249708840972301,0.7471297343916248,-0.24997566380189917,-1.1089206511415766,-0.3896572688501176,-0.24404325558188447,-0.5498917891697629,-0.8302655072748398,-0.9252308936101157,-0.4846950609738065
Simone Scuffet,27,it ITA,GK,Cagliari,True,31.0,0.9636194612070581,-0.856974687568144,-1.1945791582123624,-0.7426685649466277,3.0436781747753887,1.4587140787172403,0.5680248179026923,1.4465869208775703,-1.292054078667285,-0.036320891065241286,-1.167176914311674,-1.1243285519024915,0.8063172463773741,1.0848781254327746,0.5514261924879914,-0.5933385728495474,-0.8327556362787583,-0.8554068878284995
Marco Silvestri,32,it ITA,GK,Udinese,True,17.0,-0.7243314070818153,-1.003852627654287,-0.12534515842185026,-0.7426685649466277,-0.6255526192348795,-0.5750927664239622,-1.090402824093682,0.27517971095227794,-0.6885910463175575,-0.3322911273489467,-1.4392260734644353,-0.48430805875678107,-0.10490143189119168,-0.035272426015850324,0.017453837744838087,-1.698997600167579,-1.2766368714692737,-0.4435048579899519
Łukasz Skorupski,32,pl POL,GK,Bologna,True,32.0,-0.6618147082563015,-0.9244997020909201,1.1940201164099076,0.5675509498028676,0.5593031579976029,-0.8565571065997536,-0.2871019350016882,-1.4819311039356582,-0.194848565304144,-0.19301101615661426,-0.5768349772126011,-0.2087436797634891,-0.6174619384172587,-0.23842758453343077,-0.36077658019822895,-1.3041193761254248,-1.165666562671645,-0.8142166848446449
Yann Sommer,34,ch SUI,GK,Inter,True,34.0,-1.2869816965114398,-1.0914144765517955,2.372107541449851,1.0025438286997,-0.6255526192348795,-0.9215104158710901,-1.090402824093682,-1.4819311039356582,1.121798050731625,1.7743205544350713,0.11098759709896655,-1.003017478038272,-1.281892224654754,-0.21365256520201834,-1.562214378370325,-0.5933385728495474,-1.2766368714692737,-0.8554068878284995
Mile Svilar,23,rs SRB,GK,Roma,True,15.0,-1.2869816965114398,1.2494056173082604,0.6312247475671038,1.877770464552363,-0.6255526192348795,0.39487665202799593,0.6233057393025715,-1.189079301454336,0.8474966723908399,0.364109428612712,0.7283613212941868,0.7649171260128097,-1.4337620043661816,-0.19911788719425655,-0.6388871816269548,0.6307839216811307,-1.165666562671645,-0.8965970908123542
Wojciech Szczęsny,33,pl POL,GK,Juventus,True,35.0,-0.5992980094307877,-1.1464533530016578,1.3669503806359544,1.0025438286997,-0.6255526192348795,-0.6146833549322055,0.37849023024596384,-1.189079301454336,0.1343130887047983,1.2868401652619106,-0.9224451397206005,-0.6732664900664668,-0.009982819571549496,-0.847326773930025,-0.19391021934099342,-0.5538507504453318,-0.9807160480089301,-1.0613579027477733
Pietro Terracciano,33,it ITA,GK,Fiorentina,True,33.0,-0.2867145153032185,-0.4466408619428708,-0.07053244074305888,0.006776997490083647,2.8213005508959785,-0.1761875943333301,-1.090402824093682,-0.3105238940103666,0.9572172237271539,1.2346101235647855,0.33628148243130984,-0.885128973656115,-0.14286887681904775,-0.6034462026829045,-0.4163987004839741,-1.501558488146502,-0.740280378947401,0.17434818676786962
Stefano Turati,21,it ITA,GK,Frosinone,True,30.5,1.1511695576835996,0.08134012261647156,-0.9459919033874201,0.1325580709060351,-0.6255526192348795,1.8386560168205415,-0.26118900309549486,-0.017672091529043508,-1.621215732676227,-2.2648026701425494,0.07238599492128941,0.4191817084343397,-0.6933968282729729,-1.0158758141103044,-0.34965215614108053,-0.6723142176579779,-0.8882407906775727,-0.19636364008682342
Matz Sels,31,be BEL,GK,Strasbourg/Nott'ham Forest,True,35.0,0.7135526659050028,-1.2740434756808843,-1.0594773892857634,-0.7426685649466277,-0.6255526192348795,1.740956661308264,1.8473832845856097,0.568031513433601,-1.56635545700807,0.7645397482906665,-1.0980628483391948,-1.145662568340682,0.46461024202666146,-0.23120743604256178,-0.5276429410554645,-1.027704619295917,-0.740280378947401,-0.9789774967800634
Arnaud Bodart,25,be BEL,GK,Standard Liège,False,29.0,-0.19549992803257973,0.6723374514047383,-0.8188123017101815,0.07550518455637444,-0.7804649763517122,-0.36388982927467783,-1.002426970632721,-1.622041434673495,0.34635005223226983,-1.2412856881659846,-0.5922838502144379,0.0568170006705275,0.478049218809501,0.43183440083912983,-0.7257341718166055,0.26057643777298495,-0.8550285145113027,-0.9515748812952305
Sinan Bolat,34,tr TUR,GK,Westerlo,False,26.0,0.3675398647012499,0.7379571542258156,-0.6334138058457404,-0.6856235370280046,0.6503272373383263,0.49597944379142006,-0.00773888406874518,0.2738511513085118,-0.14007134752176323,-0.3545534656864089,0.24704257850506514,-0.33680094614234385,-0.2622784926492899,0.10112671891630196,-1.1644651572976765,-0.34241036037937667,-0.7366627136176017,-0.5007210251180214
Jean Butez,28,fr FRA,GK,Antwerp,False,30.0,-0.6959797437959839,-0.8459301373019351,1.30162476656855,-0.6856235370280046,-0.7804649763517122,-0.7152078465559691,-0.14036396227727532,-1.306059337009827,0.5084905188169475,0.3648707902875877,1.9929927802287872,0.5479699969546994,-0.35719230181067335,-1.2837342884580745,-0.49346482656192014,1.8111139187362,0.9401861323764931,0.8108538292156786
Gaëtan Coucke,24,be BEL,GK,Mechelen,False,30.0,-0.25805990500300524,0.10363336028873114,0.6802137276661273,1.5932049707096574,0.4595549421796545,-1.332675876929148,-0.14036396227727532,0.5898332489721799,1.319192851740336,1.1679490295143733,-0.14502116319859443,-0.8823332892954426,-0.3951578254752273,0.777179963765099,-0.04182998856669973,0.2175059521906736,-0.6380245462061845,-0.7876280245035179
Théo Defourny,31,be BEL,GK,RWD Molenbeek,False,29.8,1.7438593580506112,1.1400696752146082,-1.1830877383081533,0.22590786606706018,0.4595549421796545,2.372132305309925,-0.14036396227727532,0.5898332489721799,0.6165841632067327,0.7998715032020959,-1.017808495284456,-1.3115042697614392,0.9716010264486954,0.41161316701487916,0.03559312651819447,-1.8498773557602803,-1.3482193515683891,-1.60736230846208
Hervé Koffi,26,bf BFA,GK,Charleroi,False,26.0,0.05473997984912233,0.8532887531234677,0.08302560782137068,-0.6856235370280046,-0.7804649763517122,-0.9289467801466849,-0.00773888406874518,-0.04213094635515633,0.9408650963760881,0.19756282378200724,0.07690884295381466,0.3164625740199809,0.28822160048673406,-0.2133166507808126,1.18403600027747,1.9403253754831349,0.8612755984473591,0.728880400819822
Tobe Leysen,21,be BEL,GK,OH Leuven,False,16.0,-1.2590195365298136,1.41553029774952,0.4864303752048023,-0.6856235370280046,1.5445723708946002,0.6740952217836831,2.2303093107001994,-0.9900772393461589,1.6434737849096912,-0.6222462120953373,0.2002558012284711,0.5442452488134232,0.5919457898031615,1.0198909397500593,0.5259395220558629,-0.42855133154399944,-0.1645613426313813,-0.41874759672216477
Simon Mignolet,35,be BEL,GK,Club Brugge,False,27.1,-0.7585397207664094,-1.0747917221747296,0.5693472904406578,-0.6856235370280046,1.876720563358359,-1.6414098921157374,-1.002426970632721,-0.04213094635515633,-0.08602452532687066,2.2387200151500877,0.2537809626191488,-0.3198001087561032,-0.8507441094498678,-0.6301571694660103,-0.9450996645571406,1.8111139187362,1.7687467386323985,1.0567741144032463
Anthony Moris,33,lu LUX,GK,Union SG,False,28.8,-0.5082998128847074,-1.4269130667488563,0.14544620693150892,-0.6856235370280046,-0.7804649763517122,0.27487020214585195,-1.002426970632721,0.905815346635848,0.02206911906291446,1.6866037256816728,0.2524774061685074,-0.2876151694049754,0.09839398216396708,-1.5101225964674378,-0.7644457293590526,0.17443546660836182,0.17080842656743794,0.5649335440281094
Paul Nardi,29,fr FRA,GK,Gent,False,10.0,-1.6343793983523667,0.10363336028873114,-1.493327432392871,-0.6856235370280046,-0.7804649763517122,-0.7152078465559691,-1.002426970632721,-0.9900772393461589,0.02206911906291446,0.7831407065515388,-1.3885097325942903,-0.7631413487745975,0.15534226766079798,0.9304711064924419,-0.3902340064487273,0.04522400986142729,-0.8353008810290192,-0.2548007399304529
Maxence Prevot,26,fr FRA,GK,OH Leuven,False,11.0,-1.071339605618537,0.23993434080413767,-0.7312371328093902,0.832076249125278,-0.7804649763517122,-0.799408032515948,-1.002426970632721,-0.6740951416824907,-1.491241902394077,0.5154479601426099,-0.14993613778118633,1.70738250929383,-0.2622784926492899,1.1302141106523145,0.11301624160308958,1.1219861494192156,-0.9339390484404364,-1.3204553090765836
Davy Roef,29,be BEL,GK,Gent,False,12.0,-1.8220593292636431,-0.6460220325460054,1.4572104389774028,1.5932049707096574,-0.7804649763517122,-1.6414098921157374,-1.002426970632721,-1.9380235323371624,2.8865506953922204,2.4896819649084585,-0.9363320709958555,2.1272632088558985,-0.6609164911271008,0.1895639166436156,-0.5837917941609646,1.5957614908246425,-0.8747561479935861,-0.7466413103055899
Kasper Schmeichel,36,dk DEN,GK,Anderlecht,False,23.0,-0.946219651677686,1.2118195931748637,-0.3995694718659683,1.5932049707096574,-0.7804649763517122,-1.6414098921157374,-1.002426970632721,-0.6740951416824907,2.129895184663724,1.5527573524772078,0.4847366670143479,-0.3278316529593365,-0.4710888728043338,-0.40471696277036057,-0.635407204217561,-0.9884676441140496,-0.9931219488872869,-0.5826944535138774
Gaga Slonina,19,us USA,GK,Eupen,False,28.0,1.1182595883463562,1.2816632633147456,-1.0936492679413878,0.4537907168408264,-0.7804649763517122,0.012522332098134407,2.692128779462045,0.2738511513085118,-0.2481649919115483,-0.8062849752514759,-0.16573427036808827,0.7118589151708618,-0.7748130621207605,0.7735301746525428,-0.635407204217561,-0.8592561873671147,0.03271499219145354,0.2370398304446849
Zion Suzuki,20,jp JPN,GK,Sint-Truiden,False,22.0,-0.19549992803257973,0.03548287003102788,-0.3073360493002413,-0.6856235370280046,-0.7804649763517122,-1.2204089623158427,-1.002426970632721,-0.04213094635515633,-0.2481649919115483,0.2477552137336809,1.7534994732952287,1.3010463484273125,-0.6609164911271008,-1.1691530302578377,-0.6483110567317104,2.3710302313062503,-0.49993111183020017,-1.197495166482799
Tom Vandenberghe,30,be BEL,GK,Kortrijk,False,21.0,0.5552197956125264,1.4601526425611115,-1.9815124164781324,-0.6856235370280046,-0.7804649763517122,1.4459302597501564,2.692128779462045,2.169743737290519,0.13016276345269956,-0.30436107573473403,-0.5080271430842944,0.445805476508261,1.1614286447714623,0.2321447896234331,-0.11925310365159483,0.6051403224314772,-0.4210205779010662,-0.9515748812952305
Maarten Vandevoordt,21,be BEL,GK,Genk,False,30.0,-0.4457398359142818,-0.19622879684516376,0.6802137276661273,0.832076249125278,0.4595549421796545,-1.332675876929148,-1.002426970632721,-0.6740951416824907,0.7246778075965178,0.18083202713144897,0.26783670173910656,-0.49495948260269595,0.45906645697722404,-0.636505019164846,-0.6999264667883068,0.6912812935961004,-0.6972074466530348,-0.5007210251180214
Warleson,26,br BRA,GK,Cercle Brugge,False,30.0,-0.25805990500300524,0.10363336028873114,0.9913850724838326,3.872033478447319,-0.7804649763517122,-0.4064738313693798,0.7216990460781701,1.221797444299516,1.4813333183250137,0.13063963717977412,-1.0198866388999142,-2.8787982930196,2.9268254951731945,-0.44914917805364873,2.1647287913528053,-1.4622429855194765,1.5320151368449972,1.9174951125597373
Ryan Allsop,31,eng ENG,GK,Hull City,False,36.9,0.49265981864210096,-0.331126135826807,0.09327376588422917,-0.6856235370280046,0.22495657921426082,-0.13946062904584294,-1.002426970632721,-1.9380235323371624,-1.491241902394077,-2.077825520693887,3.1139266582032747,-1.7040793507724892,-1.3822614407536147,-1.8117371134078126,-0.0676376935949984,0.0021535242791159135,0.22999132701428796,0.5649335440281094
Jak Alnwick,30,eng ENG,GK,Cardiff City,False,24.0,-0.3206198819734308,-0.4586081843373213,0.29264702274347726,-0.6856235370280046,0.769559921812496,-0.0977398161827905,0.075151789811586,1.221797444299516,-0.2481649919115483,-0.07012992262692169,0.06509400020719962,-1.2250101182928725,1.1804114066037392,0.14698304366379814,0.8614396874237411,-1.4622429855194765,-0.6182969127239011,-0.13184059733666825
Daniel Bachmann,29,at AUT,GK,Watford,False,27.0,-0.3831798589438563,-0.2850768434033542,1.3705669208095987,2.3543336922940363,1.9751348426068802,0.4168168757948585,0.9132686034904913,-0.04213094635515633,0.6706309854016252,-1.743209587682726,1.4119335629090601,0.7532450056294889,-0.7558303002884843,-2.0388351026335068,0.4485164069709678,-0.4716218171263112,2.0646612408666503,1.3436811137887443
Gavin Bazunu,21,ie IRL,GK,Southampton,False,41.0,0.9931396344055051,-1.1396975351444902,0.0746407512244861,-0.6856235370280046,-0.7804649763517122,-0.511895202408703,-1.002426970632721,-0.35811304401882266,-1.491241902394077,1.6364113357299979,2.090573007307559,1.120672735554858,-1.648020106405489,-1.446164740507915,-2.4032349986559955,-1.3330315287725418,0.9204584988942095,2.2453888261431625
James Beadle,19,eng ENG,GK,Sheffield Weds,False,19.0,-0.8836596747072605,-0.290922109624288,1.4982030712288368,-0.6856235370280046,-0.7804649763517122,0.308489151167985,0.35872514782324566,0.5898332489721799,-0.0319777031319781,-1.324939671418775,0.37001643648246024,-0.3114666268008681,0.1743250294930736,0.08871448063878426,0.8227281298812931,-0.4716218171263112,0.36808476139027235,0.9748006860073904
Asmir Begović,36,ba BIH,GK,QPR,False,45.0,1.1808195653167817,-0.32950086668244977,0.26656080221983725,-0.6856235370280046,-0.7804649763517122,0.2109941990037991,-0.42771829839575715,-0.6740951416824907,-0.8426800360553666,-0.38801505898752425,-0.5169209066146985,0.8260845248366722,0.15534226766079798,0.061821297704162746,-0.003118431024252627,0.6051403224314772,-0.9733943154050033,-0.664667881909734
Bartosz Białkowski,36,pl POL,GK,Millwall,False,14.0,-1.071339605618537,0.10363336028873114,0.23674797876424872,-0.6856235370280046,-0.7804649763517122,-0.9798370024301887,-1.002426970632721,1.221797444299516,0.23825640784248472,0.5489095534437252,-1.8456023687753171,-0.9802409547232799,1.4082045485910588,0.09831918882972057,2.0356902662113137,-1.031538129696361,0.091897892638304,1.0567741144032463
Jack Bonham,29,ie IRL,GK,Stoke City,False,14.0,-1.196459559559388,-0.003460267259088652,0.901946602117067,-0.6856235370280046,-0.7804649763517122,0.3433087769409086,0.8448509044146623,0.2738511513085118,1.0489587407658731,-0.5887846187942213,0.17655860234811846,1.382313580600616,0.5729630279708845,0.28080864445751064,0.6420741946832051,0.13136498102605043,-0.6182969127239011,-0.4597343109200934
Bradley Collins,26,eng ENG,GK,Coventry City,False,28.0,-0.3206198819734308,1.0674760082191066,0.23674797876424872,-0.6856235370280046,0.5481277935033234,-0.6490505575874144,1.7684898419383541,-1.9380235323371624,0.23825640784248472,0.4317939768898196,-0.24472493330259731,0.00947783710159554,-0.869726871282144,0.9012727935919956,-0.7257341718166055,-0.773115216202492,0.5850887296953907,0.728880400819822
Michael Cooper,23,eng ENG,GK,Plymouth Argyle,False,19.0,-0.8836596747072605,0.4192777362191469,0.5171748493933778,1.5932049707096574,-0.7804649763517122,-0.6664603704738762,1.719877266279212,-0.04213094635515633,0.9949119185709806,-1.8435943675860744,0.7580407456344347,3.0290443377965035,0.36415264781584056,1.4064804444352457,0.07430468406064249,1.9833958610654463,-0.9733943154050033,-1.3614420232745117
Cameron Dawson,28,eng ENG,GK,Sheffield Weds,False,18.0,-0.6334197668255583,-1.478972469029046,-0.35485023668258553,1.5932049707096574,1.286234887867232,-0.0977398161827905,1.871116390552097,0.905815346635848,-1.3831482580042922,0.3816015869381448,0.9149750217803448,0.041404249741107534,-0.20533020715246034,-0.7046344159325545,-0.1063492511374455,0.6051403224314772,0.7231821640713747,1.0567741144032463
Seny Dieng,28,sn SEN,GK,Middlesbrough,False,35.0,0.5552197956125264,-0.7959531111129529,0.23674797876424872,-0.6856235370280046,0.28240923953231634,0.4756233548780184,0.4753953294051857,0.905815346635848,-0.14007134752176323,-0.9234005518053822,1.0886374570319175,0.0030925545736931416,-1.1924338224308477,-1.120710374763915,-0.7515418768449033,-0.08398744688550723,1.0782795667524774,1.097760828601175
Tom Glover,25,au AUS,GK,Middlesbrough,False,11.0,-1.44669946744109,0.10363336028873114,-1.6489131048017232,-0.6856235370280046,-0.7804649763517122,-0.8695748541492639,-1.002426970632721,-0.04213094635515633,-0.5724459250809036,-1.9105175541883064,0.7749727154883396,1.0572446519074021,-1.2303993460954017,-0.495601039486177,-0.635407204217561,-0.5577627882909343,1.5714704038095642,1.7125615415700968
Angus Gunn,27,sct SCO,GK,Norwich City,False,39.3,0.617779772582952,-0.3885068212668971,0.13706135033462466,-0.6856235370280046,-0.7804649763517122,-0.2521068237760852,-0.35587971436613663,0.905815346635848,0.7246778075965178,-0.03666832932580631,0.5839333495126561,-0.3191286237809142,-1.0405717277726347,-1.1616474495938032,-0.5063686790760695,-0.21319890363244176,0.7429097975536582,0.40098668723639747
Ben Hamer,35,eng ENG,GK,Watford,False,19.0,-0.6334197668255583,0.5770999241843544,-0.9539016579933168,2.3543336922940363,1.177461210803077,-0.6664603704738762,0.35872514782324566,-0.04213094635515633,0.6165841632067327,-1.0405161283592883,1.0218972758577778,0.017879524638309264,-1.1354855369340182,-2.143419702934813,-0.6999264667883068,-0.9453971585317379,0.17080842656743794,0.19605311624675692
Conor Hazard,25,nir NIR,GK,Plymouth Argyle,False,27.0,0.49265981864210096,0.4923435639808165,-0.6995610078878274,-0.6856235370280046,0.597334933127584,0.7598546704466245,0.9132686034904913,1.5377795419631841,0.07611594125780702,-1.8603251642366327,0.4180164806516303,0.8194627503632913,0.49703198064177795,0.3456937842362801,-0.4289455639911744,-0.8592561873671147,-0.8550285145113027,-0.7466413103055899
Mads Hermansen,23,dk DEN,GK,Leicester City,False,44.0,0.17985993378997336,-0.5437962971594502,0.3280497505969885,3.872033478447319,0.0650031499196742,0.04259382708384118,-0.41465673766309885,0.2738511513085118,0.7787246297914103,-0.7226309919986857,2.6784083265647545,0.3258395623476701,-1.6100545827409356,-2.2956106699966496,-1.319311387467467,-0.04091696130319585,1.4333769694335796,2.040455255153522
Václav Hladký,32,cz CZE,GK,Ipswich Town,False,46.0,1.1808195653167817,-0.6786157452779507,0.41003501509985674,-0.6856235370280046,0.028243666168744304,-1.0373650797941494,2.3708630620625004,0.5898332489721799,0.18420958564759216,1.1846798261649316,1.1129986353978076,-0.5999002128438748,-1.704968391902319,-1.8265478518355753,-1.319311387467467,-0.385480845961688,2.478941543994603,1.4256545421846003
Ethan Horvath,28,us USA,GK,Cardiff City,False,16.0,-0.5708597898551329,0.009926436184389072,-0.09585133291216043,-0.6856235370280046,1.5445723708946002,-1.0625336136408823,-1.002426970632721,0.905815346635848,-1.275054613614507,-0.9066697551548238,-0.6383617369262349,0.1531466939793999,0.478049218809501,0.8921483208106064,1.7130939533575846,-1.031538129696361,-1.1509430167455548,-0.2548007399304529
Daniel Iversen,26,dk DEN,GK,Stoke City,False,18.0,-1.0087796286481114,-1.7288575999739584,1.1982115352069775,-0.6856235370280046,1.286234887867232,-0.6122965081604395,-1.002426970632721,1.8537616396268506,-0.6264927472757963,-2.077825520693887,-0.12536126486822777,-0.5048921443127663,0.7817734081259284,-0.2788256861343784,1.0937090326784256,0.906633721507658,0.8218203314827921,0.3599999730384688
Viktor Johansson,24,se SWE,GK,Rotherham Utd,False,44.0,2.932498920488696,1.6370193910870556,-1.3899142010312984,-0.6856235370280046,0.8728949150234434,0.2109941990037991,-0.42771829839575715,0.905815346635848,0.34635005223226983,0.5823711467448417,0.18182464654375227,-1.8683757063315256,3.3064807318187284,0.9327936995640689,2.2421519064377002,0.6051403224314772,1.1571901006816114,0.3599999730384688
Illan Meslier,23,fr FRA,GK,Leeds United,False,43.6,0.11729995681954784,-1.540106446018627,1.3864049832703795,-0.6856235370280046,-0.7804649763517122,0.04259382708384118,0.1731134953065231,-0.04213094635515633,-0.30221181410644093,-1.8101327742849584,1.578872353012989,-0.024205992747431508,-1.3442959170890614,-1.6398510206452463,-0.2482916287930864,-0.6439037594555571,0.24971896049657144,-0.3777608825242368
Lee Nicholls,30,eng ENG,GK,Huddersfield,False,36.7,1.6187394041097602,-0.3089835044322958,-0.6622949785683416,-0.6856235370280046,1.2303781347802338,0.1108642481324728,0.39551304291665035,1.8537616396268506,-0.41030545849622596,-0.5385922288425476,-0.4978681259439437,0.5249110656822746,1.237359692100569,0.4669777239862417,0.3710932918860727,-0.8161857017848034,-0.02646790825539692,0.605920258226038
Max O'Leary,26,ie IRL,GK,Bristol City,False,46.0,0.8054597034942286,0.10363336028873114,0.20786680604164748,0.22590786606706018,-0.7804649763517122,-0.23197199669869875,0.12200304026568633,-1.622041434673495,0.07611594125780702,-1.1241701116120786,0.5680775403713378,1.1102450207160786,0.38313540964811754,-0.9601196538114602,-0.09344539862329708,-0.04091696130319585,1.1177348337170443,1.1387475427991038
Alex Palmer,26,eng ENG,GK,West Brom,False,46.0,0.5552197956125264,-1.2001151489890713,1.2205711527986691,1.5932049707096574,0.028243666168744304,0.5734210863967518,-1.002426970632721,-0.35811304401882266,0.07611594125780702,-1.258016484816543,0.3469036841547121,-0.1334969673275244,-0.8127785857853138,-1.0934162996613241,-0.27409933382138507,-0.42855133154399944,0.42726766183712284,0.3599999730384688
Anthony Patterson,23,eng ENG,GK,Sunderland,False,45.0,0.868019680464654,-0.5960450063570232,0.26656080221983725,0.832076249125278,-0.7804649763517122,-0.4064738313693798,0.14699037384120656,0.905815346635848,0.5084905188169475,-0.003206736024689753,-0.05818994557280806,0.9651417887776578,-1.059554489604911,-1.1190882462694458,-0.7128303193024561,0.2175059521906736,-0.48020347834791666,0.19605311624675692
Aynsley Pears,25,eng ENG,GK,Blackburn,False,25.7,-0.00781999712130319,0.4478331126408671,0.08302560782137068,0.4537907168408264,0.6503272373383263,0.49597944379142006,0.9869492024952304,-0.6740951416824907,-0.2481649919115483,-1.4755168412737976,0.024478524449304418,0.6449004077284611,-0.4141405873075029,0.9386227755609526,-0.5450802366185175,-0.127057932467819,2.281665209171769,1.5486146847783848
John Ruddy,36,eng ENG,GK,Birmingham City,False,44.0,1.4936194501689093,0.7169877726080612,-0.09585133291216043,-0.6856235370280046,0.0650031499196742,0.04259382708384118,0.1731134953065231,-0.35811304401882266,-0.30221181410644093,0.06371645057754217,-0.08626487614306658,1.280729540383987,0.7248251226290988,0.7934381152664837,0.8872473924520389,2.241818774559315,0.052442625673737024,-0.008880454742883629
Carl Rushworth,22,eng ENG,GK,Swansea City,False,46.0,1.6812993810801857,0.26660192394845655,-0.3995694718659683,-0.6856235370280046,-0.7804649763517122,-0.4333202674725615,0.12200304026568633,0.5898332489721799,0.7246778075965178,-1.1743625015637527,1.8021635496959887,1.051944615026534,-0.5849854437979936,0.1062535129874509,-0.04182998856669973,-0.21319890363244176,0.7231821640713747,1.015787400205319
Matija Šarkić,26,me MNE,GK,Millwall,False,32.0,-0.25805990500300524,-1.1614101151198868,1.068712083321765,0.832076249125278,-0.7804649763517122,-0.48365733516602716,-0.19424290029949065,-0.04213094635515633,0.56253734101184,-0.9735929417570564,-1.0484549286612284,-1.2715694700588278,1.5980321669138258,0.47698480925738457,1.506632313131199,0.5620698368491658,0.4469952953194063,0.3599999730384688
Mark Travers,24,ie IRL,GK,Stoke City,False,13.0,-1.2590195365298136,0.9109545525722934,-0.9920993380457894,-0.6856235370280046,2.081119451028365,0.49597944379142006,-1.002426970632721,-0.9900772393461589,-0.2481649919115483,-0.08686071927747997,0.15630458621106463,0.35084486455483993,0.44008369514494844,0.9658459855833681,1.687286248329287,0.4759288656845426,-0.20401660959594808,0.11407968785090027
Leopold Wahlstedt,24,se SWE,GK,Blackburn,False,20.3,-0.13293995106215423,0.8495958694149222,-1.0936492679413878,-0.6856235370280046,-0.7804649763517122,0.5638330735027581,0.22909161273220127,0.2738511513085118,-0.7886332138604739,-2.010902334091655,0.38465814194110104,1.6553394542074777,-1.8758132483928092,0.9654587400541842,-1.2676959774108694,-0.04091696130319585,0.3089018609434219,0.2370398304446849
Ben Wilson,30,eng ENG,GK,Coventry City,False,18.0,-0.7585397207664094,-1.0624972507875257,-0.35485023668258553,-0.6856235370280046,-0.7804649763517122,0.4168168757948585,0.43434470995968827,0.5898332489721799,-1.0588673248349367,-1.2078240948648686,-0.38749324260645096,2.226589825956603,-0.869726871282144,0.5444045248087626,-1.4225422075806597,-0.4716218171263112,-0.914211414958153,-0.5417077393159494
Freddie Woodman,26,eng ENG,GK,Preston,False,44.0,1.5561794271393348,0.20585909567528637,-0.3073360493002413,-0.6856235370280046,-0.7804649763517122,-0.5889075676160008,0.1731134953065231,0.5898332489721799,0.18420958564759216,-1.0907085183109626,-0.7229774925242621,-0.5680999915586689,1.9397218798948073,0.8398899766990123,2.461517399178236,-0.773115216202492,0.4075400283548393,0.728880400819822
Mio Backhaus,19,de GER,GK,Volendam,False,32.0,2.557139058666143,3.758203400358072,-1.8603978211898045,-0.6856235370280046,1.474116693705318,0.8845956866836302,-1.002426970632721,0.5898332489721799,-0.19411816971665577,-0.38801505898752425,0.8315228491800903,0.6001164709325694,0.44008369514494844,1.0837622492197858,2.009882561183016,0.6051403224314772,0.4469952953194063,-0.41874759672216477
Nordin Bakker,25,nl NED,GK,Almere City,False,28.8,0.9305796574350795,1.3322352541012157,0.4659340590790853,0.4537907168408264,-0.7804649763517122,1.2330102492766468,-0.11063765164432893,0.905815346635848,0.7246778075965178,-0.6389770087458955,0.04256703337032096,-1.5912770188517198,2.9647910188377486,0.6366630829317007,2.8357291220885616,0.30364692335529636,0.17080842656743794,-0.41874759672216477
Vasilios Barkas,29,gr GRE,GK,Utrecht,False,29.0,0.24241991076039887,0.9825396829225603,-0.8188123017101815,0.22590786606706018,-0.7804649763517122,-0.044509813564412824,-0.11063765164432893,-0.6740951416824907,0.56253734101184,0.14737043383033238,-0.25162526707618676,0.2417700118235631,0.06042845849941449,0.5551721018841187,-0.09344539862329708,1.2081271205838384,-0.0461955417376804,0.3599999730384688
Walter Benítez,30,ar ARG,GK,PSV Eindhoven,False,32.9,-1.1338995825889624,-1.9334241509400059,2.6571765830648393,-0.6856235370280046,-0.7804649763517122,-1.6414098921157374,0.564960317286271,-0.04213094635515633,0.9949119185709806,2.255450811800646,-0.3435472945908765,-1.2913536566146955,-1.2114165842631248,-1.1853194075649027,-1.2805998299250188,0.518999351266854,0.6245439966599576,0.76986711501775
Justin Bijlow,25,nl NED,GK,Feyenoord,False,16.2,-1.5092594444115155,-1.8954476872705663,0.8628172713316069,-0.6856235370280046,-0.7804649763517122,-1.0965851594335208,-1.002426970632721,1.8537616396268506,-0.0319777031319781,0.9671794697076762,1.6922691502124374,-0.4497106903679304,-1.6670028682377651,-1.8748198881927276,-0.4031378589628766,3.0170875150409233,4.0571522225772805,2.204402111945234
Michael Brouwer,30,nl NED,GK,Heracles Almelo,False,34.0,2.2443391738140153,2.352599538792941,-1.3293569033871342,-0.6856235370280046,1.4078054681154055,1.3551261376364538,-0.24178313973085713,-0.04213094635515633,-0.5724459250809036,-0.9066697551548238,0.2186869559131899,0.2254506284865304,1.0665148356100789,1.1138193360290687,0.5388433745700123,-0.5146923027086225,-0.9733943154050033,-1.5663755942641522
Jasper Cillessen,34,nl NED,GK,NEC Nijmegen,False,29.3,0.49265981864210096,0.6204606277038055,-0.8719163934904481,0.07550518455637444,0.4595549421796545,-0.4064738313693798,-1.002426970632721,-0.35811304401882266,0.13016276345269956,-0.1537839058797119,-0.3733745727304056,0.3205696735719268,0.49703198064177795,1.2808259480615358,-0.14506080867989352,-0.5146923027086225,-0.48020347834791666,-0.5826944535138774
Jeffrey De Lange,25,nl NED,GK,Go Ahead Eag,False,34.0,0.49265981864210096,1.5588467699091022,0.5889119558333878,-0.6856235370280046,-0.7804649763517122,-0.5517604267513042,-0.24178313973085713,-1.306059337009827,0.29230323003737724,-0.32109187238529235,0.9732801124169718,-0.642196585599034,0.5539802661386075,-0.16360685336546008,-0.29990703884968284,-1.677595413431034,-0.1645613426313813,0.605920258226038
Mickey van der Hart,29,nl NED,GK,Heerenveen,False,12.0,-0.6959797437959839,-0.14625177065618084,-0.09585133291216043,-0.6856235370280046,-0.7804649763517122,2.21776529771663,1.1527305502558929,1.5377795419631841,-2.518131524097036,0.16410123048089068,-0.11307382841174872,-0.7780403413397031,0.07941122033169011,0.14698304366379814,0.603362637140758,-1.1176791008609843,-1.3679469850506727,-1.5663755942641522
Stijn van Gassel,26,nl NED,GK,Excelsior,False,34.0,2.18177919684359,1.4265546417617956,-0.7806146216577087,-0.6856235370280046,-0.7804649763517122,3.262012702024212,-0.24178313973085713,0.2738511513085118,-1.7074291911736474,-0.053399125976363405,1.4069543402927092,0.9090514638266719,1.7309114997397632,0.482620513034125,2.332478874036745,0.5620698368491658,-0.8550285145113027,-1.238481880680727
Andries Noppert,29,nl NED,GK,Heerenveen,False,22.0,0.3049798877308244,-0.16896860074208192,-0.7312371328093902,-0.6856235370280046,-0.7804649763517122,-0.799408032515948,0.1731134953065231,2.4857258349541866,-0.30221181410644093,0.6492943333470736,-0.4314301366023465,0.650908491040884,-0.4141405873075029,-0.3330195244723278,0.2291509142304318,-0.08398744688550723,-0.5788416457593341,-0.705654596107662
Nick Olij,27,nl NED,GK,Sparta R'dam,False,34.0,0.617779772582952,0.5887044968288551,-0.23280399066126994,0.4537907168408264,0.3136702458818466,-0.5517604267513042,-0.24178313973085713,-0.04213094635515633,0.4003968744271624,1.084295046261583,1.1077191230584504,-0.7473659448821327,0.49703198064177795,0.031764210894879824,1.9324594460981206,-0.21319890363244176,0.19053606004972143,0.2370398304446849
Ivor Pandur,23,hr CRO,GK,Fortuna Sittard,False,16.0,-0.6334197668255583,0.38475413260175734,-0.09585133291216043,-0.6856235370280046,1.5445723708946002,-0.48365733516602716,0.6139411700337395,0.5898332489721799,-0.30221181410644093,0.08044724722810045,-0.3526788393130933,-0.34969430509291577,-0.03448535066196899,0.47698480925738457,1.0420936226218291,1.6388319764069537,-0.4210205779010662,-0.3777608825242368
Diant Ramaj,21,de GER,GK,Ajax,False,20.3,-0.3831798589438563,0.628022846902192,-1.1542065655855518,-0.6856235370280046,-0.7804649763517122,-1.6414098921157374,0.1731134953065231,1.221797444299516,0.45444369662205497,0.4485247735403779,2.20779896001575,0.9947929858037791,-0.2622784926492899,-0.6454826613497537,-1.3322152399816152,0.6912812935961004,0.900730865411926,0.8928272576115346
Eloy Room,34,cw CUW,GK,Vitesse,False,34.0,2.2443391738140153,2.220307410645635,-1.6032622188853536,0.617866369397938,-0.7804649763517122,1.3551261376364538,-0.24178313973085713,-0.04213094635515633,-0.3562586363013335,-0.30436107573473403,0.6523611837889262,0.041404249741107534,0.42110093331267145,0.42250633941555915,1.0549974751359785,-1.031538129696361,-0.5591140122770506,-0.2548007399304529
Mathew Ryan,31,au AUS,GK,AZ Alkmaar,False,29.0,-0.6334197668255583,-0.20656887122909084,1.7516120706013387,-0.6856235370280046,0.5023142497152189,-1.0026498606952077,-1.002426970632721,-0.6740951416824907,0.6706309854016252,2.037950455343392,0.7449282000148169,1.3206625768829376,-0.5280371583011634,-1.3301327569464274,-0.19667621873648997,0.9927746926722808,0.8415479649650756,1.5076279705804563
Jasper Schendelaar,22,nl NED,GK,Zwolle,False,32.0,1.6187394041097602,1.368676835697349,-0.9697397204540982,0.32617632040751726,-0.7804649763517122,0.9635333610211106,2.2303093107001994,-0.35811304401882266,0.07611594125780702,0.6158327400459583,0.8591695812071686,1.1308930810644582,0.5729630279708845,0.3173065355830685,0.3710932918860727,-0.17012841805013038,-0.1645613426313813,-0.5417077393159494
Lars Unnerstall,33,de GER,GK,Twente,False,32.0,-0.25805990500300524,-0.2243408740764661,0.4864303752048023,0.07550518455637444,0.38205369727144406,-0.48365733516602716,-0.19424290029949065,-0.35811304401882266,1.2651460295454433,-0.9234005518053822,0.01594425438128296,0.37663158245598466,-0.03448535066196899,-0.3693100412164907,-0.95800351707129,-0.34241036037937667,1.3150111685398789,1.958481826757666
Etienne Vaessen,28,sr SUR,GK,RKC Waalwijk,False,29.4,0.6803397495533775,1.9803216906505214,-0.8719163934904481,0.22590786606706018,0.4595549421796545,-0.7152078465559691,0.7216990460781701,-0.6740951416824907,0.6706309854016252,0.08044724722810045,1.3235531809590553,0.39715570486709967,0.5539802661386075,0.2912366133505271,1.403401493018005,0.6912812935961004,0.6048163631776742,0.3599999730384688
Michael Verrips,26,nl NED,GK,Fortuna Sittard,False,12.0,-1.0087796286481114,-0.6460220325460054,-0.8719163934904481,-0.6856235370280046,-0.7804649763517122,2.21776529771663,1.1527305502558929,0.5898332489721799,-2.247897413122573,-1.107439314961521,-0.9854818168217726,-2.4169295235013246,2.831911686011811,0.061821297704162746,1.5711515757019447,0.04522400986142729,-0.6972074466530348,-0.5417077393159494
Timon Wellenreuther,27,de GER,GK,Feyenoord,False,17.8,-1.6343793983523667,-1.6989088202352423,2.968347927882544,-0.6856235370280046,-0.7804649763517122,-0.1789856096529456,-1.002426970632721,-0.6740951416824907,0.29230323003737724,0.21429362043256434,1.1887041305561434,0.2874887336816161,-0.9646406804435276,-2.1944865334511174,-0.04182998856669973,2.327959745723939,2.538124444441454,2.204402111945234
Antonio Adán,36,es ESP,GK,Sporting CP,False,22.0,-1.0087796286481114,-2.1453328182154787,1.3864049832703795,-0.6856235370280046,4.292343781276605,-0.799408032515948,-1.002426970632721,-0.6740951416824907,-0.7345863916655814,0.4317939768898196,-0.9005868013042796,-0.6087336076453207,-0.7558303002884843,-1.2620567531228943,-0.5450802366185175,0.6482108080137889,-1.3087640846038224,-0.7876280245035179
Andrew,22,br BRA,GK,Gil Vicente FC,False,32.0,0.49265981864210096,0.1504868223409022,0.19482369577982744,0.617866369397938,0.38205369727144406,0.6740952217836831,0.6139411700337395,-0.6740951416824907,0.07611594125780702,-0.7728233819503599,-0.48169692210612497,0.23695352715811918,-0.5470199201334404,1.32327965973126,-0.1837723662223406,-0.2993398747970649,0.38781239487255587,0.2370398304446849
Ricardo Batista,36,pt POR,GK,Casa Pia,False,30.9,0.4300998416716754,0.4578394682300633,0.5805270992365033,-0.6856235370280046,0.4195542996463845,0.15123922832252357,-1.002426970632721,0.2738511513085118,-0.14007134752176323,-0.6724386020470114,-0.6567034199862702,-0.7700845686107631,-0.03448535066196899,1.3632250660582002,0.6162664896549065,-0.17012841805013038,-0.9339390484404364,-0.8286147387014459
Bruno Brigido,32,br BRA,GK,Estrela,False,26.0,0.3049798877308244,0.04596756083990546,-0.9920993380457894,-0.6856235370280046,-0.7804649763517122,0.49597944379142006,-0.00773888406874518,0.905815346635848,-0.41030545849622596,0.2310244170831226,-0.8474844535413135,0.1789334118805446,-0.6039682056302705,0.7496661689166015,0.4485164069709678,0.43285838010223127,0.4075400283548393,0.0730929736529723
Fabijan Buntić,26,hr CRO,GK,Vizela,False,27.7,1.368499496228058,-0.17241302985257972,-0.4284506445885696,-0.6856235370280046,1.876720563358359,-0.31826411274464006,-0.07878803310902925,0.5898332489721799,-2.410037879707251,0.4485247735403779,-0.7493146265896596,-0.6250163924309465,-0.888709633114421,0.7646362842158095,-0.08054154610914774,-0.9884676441140496,0.5456334627308237,0.5239468298301814
Marcelo Carné,33,br BRA,GK,Estoril,False,22.0,-0.6334197668255583,0.921439243381171,0.962503899761231,1.5932049707096574,-0.7804649763517122,0.4635947568837357,1.3486539612457669,-0.04213094635515633,1.427286496130121,-1.3416704680693332,-0.9810136581103256,0.9353438036474465,-0.09143363615879989,1.594732724977597,-0.3386185963921308,-0.9023266729494266,-0.6774798131707513,-0.9105881670973025
Diogo Costa,23,pt POR,GK,Porto,False,32.7,-0.8210996977368349,-1.964223411383845,1.2447940718563346,0.22590786606706018,0.346825858676803,-1.6414098921157374,0.564960317286271,-0.6740951416824907,0.56253734101184,1.0341026563099094,0.3659107358412798,-0.5367860121891397,-0.7937958239530375,-0.5929084556368864,-1.0999458947269307,0.30364692335529636,1.1769177341638948,1.5896013989763123
Ignacio De Arruabarrena,26,uy URU,GK,Arouca,False,31.0,0.4300998416716754,0.24872795245029294,-1.2231487198266002,-0.11591641009358913,0.4195542996463845,-0.14753562508385326,-1.002426970632721,-0.04213094635515633,0.6165841632067327,-0.9735929417570564,0.2163087424054843,1.7860282178486397,-0.5660026819657173,0.1442358905683258,-0.635407204217561,0.9927746926722808,1.610925670774131,0.605920258226038
João Gonçalves,22,pt POR,GK,Boavista,False,34.0,1.4936194501689093,0.5005097447306505,-1.6032622188853536,-0.6856235370280046,1.4078054681154055,-0.2793480604101959,-0.24178313973085713,1.221797444299516,-0.3562586363013335,-0.505130635541431,-1.6070815434436618,-0.09005744936276618,0.326187124151288,1.2340476832662013,0.061400831546493145,-0.9884676441140496,-0.6182969127239011,-0.7466413103055899
Franco Israel,23,uy URU,GK,Sporting CP,False,10.0,-1.9471792832044943,-1.995401739648531,2.2332754995556905,-0.6856235370280046,-0.7804649763517122,0.2109941990037991,-1.002426970632721,0.5898332489721799,-0.6805395694706888,1.5862189457783242,-1.521214046324266,-1.0313232149464995,-1.704968391902319,-1.1134107965388036,-1.4225422075806597,-0.6008332738732457,-0.4407482113833497,-0.3367741683263088
Jhonatan,32,br BRA,GK,Rio Ave,False,26.0,-0.5082998128847074,0.68029135477699,0.8003966722214684,1.5932049707096574,-0.7804649763517122,-0.5727152241621587,-0.00773888406874518,-0.35811304401882266,1.1570523851556582,-0.27089948243361867,-0.17262063585468634,0.6259031888337141,-0.31922677814611944,0.8872351431590888,-0.17086851370819128,0.5620698368491658,-0.12510607566681434,-0.9515748812952305
Luiz Lúcio Reis Júnior,22,br BRA,GK,Famalicão,False,33.0,0.05473997984912233,0.3762353213195442,-0.16665678861918323,1.5932049707096574,0.346825858676803,-0.518740745982685,0.564960317286271,-0.04213094635515633,1.8596610736892616,0.9671794697076762,-0.2973853752589368,1.5990261997294253,-0.28126125448156686,0.3560164201101756,0.17753550417383537,1.5957614908246425,0.900730865411926,0.11407968785090027
Kewin,27,br BRA,GK,Moreirense,False,29.8,-0.25805990500300524,-0.06742894411651068,1.6118644606532677,-0.6856235370280046,-0.7804649763517122,0.2109941990037991,-0.14036396227727532,-0.35811304401882266,0.23825640784248472,0.7998715032020959,0.011367390466285621,-0.1715813486728193,0.1743250294930736,0.943159635085086,-0.2870031863355344,0.3467174089376081,-0.8353008810290192,-1.238481880680727
Daniel Leite,25,pt POR,GK,Estoril,False,12.0,-0.5708597898551329,-0.27119433612863714,-0.8719163934904481,-0.6856235370280046,-0.7804649763517122,2.9896003356831033,1.1527305502558929,0.905815346635848,-3.2747870348255317,-0.9735929417570564,-1.4032546563420656,0.562868989519805,-0.9076923949466973,0.3173065355830685,-0.8676765494722464,-2.7543575529888225,1.7687467386323985,2.6552559681224435
Matheus,31,br BRA,GK,Braga,False,34.0,0.742899726523803,-0.9106062888406181,-0.7806146216577087,-0.6856235370280046,0.3136702458818466,-0.5517604267513042,0.5188606911710065,0.905815346635848,-0.19411816971665577,0.5991019433954,-0.006823642582193463,-0.011180429900441631,-0.6039682056302705,0.2571923619645026,-0.8160611394156491,-0.2993398747970649,2.163299408278068,1.9174951125597373
Kosuke Nakamura,28,jp JPN,GK,Portimonense,False,20.0,-0.00781999712130319,0.028667821005257752,-1.493327432392871,-0.6856235370280046,-0.7804649763517122,-0.2521068237760852,1.5837620544336157,3.433672127945191,0.7787246297914103,-0.053399125976363405,-1.4769792750809407,-0.31617157182142835,0.5539802661386075,1.2626019157350195,0.16463165165968602,-0.6008332738732457,-0.14483370914909782,-0.5826944535138774
Vinicius Silvestre,29,br BRA,GK,Portimonense,False,14.0,-0.25805990500300524,0.7461951255756479,-1.7597795420271931,-0.6856235370280046,-0.7804649763517122,1.0048816666264573,4.5394066545094285,1.221797444299516,-1.0048205026400443,0.7831407065515388,-0.9293106787350103,-0.4694183524910863,0.7438078844613745,1.667728507228713,0.03559312651819447,-0.21319890363244176,-1.1706706502278381,-1.6483490226600082
Hugo Souza,24,br BRA,GK,Chaves,False,26.0,0.9305796574350795,0.564959755879338,-0.9920993380457894,0.832076249125278,-0.7804649763517122,0.49597944379142006,-1.002426970632721,1.221797444299516,-0.5183991028860111,0.49871716349205153,-1.1764096756070646,0.5227563172291361,0.667876837132268,1.555427303765458,1.6227669857585412,-0.6869742450378689,-0.9536666819227199,-1.238481880680727
Anatolii Trubin,21,ua UKR,GK,Benfica,False,28.0,-1.0087796286481114,-0.48538159122427604,1.9006761878792813,2.0489706722571897,-0.7804649763517122,-0.31826411274464006,-1.002426970632721,-0.9900772393461589,1.5353801405199063,0.3314091969864711,-1.4664471866896727,-0.341712701933038,-1.7239511537345953,-0.15716604904918516,-1.6548115528353446,-0.8592561873671147,-0.8944837814758696,-0.8286147387014459
Bruno Varela,28,cv CPV,GK,Vitória,False,26.5,-0.4457398359142818,-0.5470109429263235,-0.009207814744356403,0.22590786606706018,-0.7804649763517122,-0.9553343028122054,-0.044579183571114754,0.905815346635848,1.2651460295454433,1.5862189457783242,-0.8398872867336793,-1.0802368886508082,0.326187124151288,-0.06351108314209299,0.3323817343436256,-0.5146923027086225,0.5061781957662568,0.3599999730384688
Ricardo Velho,24,pt POR,GK,Farense,False,32.0,0.49265981864210096,1.9309183803234016,-0.3865263616041483,-0.033878583815033274,-0.7804649763517122,0.6740952217836831,-0.19424290029949065,-0.04213094635515633,2.2379888290535095,-0.8564773652031502,-1.1406107020848224,-0.37762991615248886,1.5221011195847194,2.3771562659817462,1.1324205902208726,-0.2562693892147535,-0.914211414958153,-1.5253888800662243
Nícolas Andrade,35,br BRA,GK,Pisa,False,31.0,0.24241991076039887,-0.5734747364652245,-0.32131081029504854,-0.6856235370280046,0.4195542996463845,-0.14753562508385326,-0.16817244641777357,0.5898332489721799,0.13016276345269956,0.5154479601426099,0.14020591015890346,-1.3571786007252615,-0.7748130621207605,-1.240329269549615,-1.3064075349533175,1.1219861494192156,-0.3026547770073655,-0.4597343109200934
Francesco Bardi,31,it ITA,GK,Reggiana,False,29.2,-0.25805990500300524,0.38090316311801736,0.05973433949669217,1.137439269162125,0.4595549421796545,-0.4064738313693798,-1.002426970632721,-1.9380235323371624,-0.0319777031319781,-0.2541686857830604,-1.612309397149561,0.18223034384964035,-0.18634744532018338,0.7022842912910086,-0.557984089132666,-0.9884676441140496,-1.6046785868380744,-2.591043449212355
Brenno,24,br BRA,GK,Bari,False,32.7,0.11729995681954784,-0.680409894602645,-0.7312371328093902,-0.6856235370280046,1.474116693705318,-0.23807345944942193,0.564960317286271,-0.9900772393461589,-0.5724459250809036,-0.6891693986975698,-1.9833569316176805,-0.29074760285711965,-0.18634744532018338,0.15713994914522222,-0.31281089136383217,-1.1607495864432955,-0.8747561479935861,-0.41874759672216477
Leandro Chichizola,33,ar ARG,GK,Parma,False,36.1,-0.3206198819734308,-1.3624517015985933,0.8488425103367999,-0.6856235370280046,0.22495657921426082,0.1108642481324728,-1.002426970632721,0.905815346635848,0.29230323003737724,-0.3378226690358506,0.7167876348719621,0.5750440665466924,0.7248251226290988,-0.5567219097921356,0.8614396874237411,1.2511976061661505,0.7034545305890911,0.9338139718094632
Bartłomiej Drągowski,25,pl POL,GK,Spezia,False,13.0,-1.1338995825889624,0.68029135477699,-0.2747282736456915,-0.6856235370280046,2.081119451028365,2.6333687796985776,0.9869492024952304,-0.35811304401882266,-0.19411816971665577,0.5321787567931681,-1.0459738116844393,-0.4743301082817805,-0.49007163463661013,-0.1347058083565342,-0.8805804019863948,-1.4622429855194765,-0.657752179688468,0.15506640204882824
Andrea Fulignati,28,it ITA,GK,Catanzaro,False,37.0,0.5552197956125264,0.30624292591974095,0.09327376588422917,-0.033878583815033274,-0.7804649763517122,-0.13946062904584294,-0.3034569638580352,-0.35811304401882266,0.8868182741811954,0.06371645057754217,2.898676474934466,-0.09147865692064519,-1.0405717277726347,-1.4020400652776757,-1.4741576176372562,-0.42855133154399944,-0.7366627136176017,-0.5826944535138774
Riccardo Gagno,26,it ITA,GK,Modena,False,21.4,-0.8836596747072605,-1.3816651750473823,0.962503899761231,0.832076249125278,0.9104712761910606,-1.2204089623158427,0.1731134953065231,-0.35811304401882266,-0.3562586363013335,0.3648707902875877,0.08984112690225877,-0.8483580165301549,0.2502560768221815,-0.5064542781386367,-0.2095800712506393,0.26057643777298495,-0.1842889761136646,-0.3367741683263088
Antony Iannarilli,32,it ITA,GK,Ternana,False,32.0,0.3675398647012499,0.9938491392799809,-0.6781330410291232,-0.6856235370280046,0.38205369727144406,-0.1942191959285996,0.6139411700337395,-0.9900772393461589,0.7787246297914103,-0.5218614321919893,-1.4078624450132453,-0.8525353041652315,1.2943079775973998,0.9719874576477644,0.7969204248529953,-0.4716218171263112,-1.584950953355791,-1.6893357368579367
Jesse Joronen,30,fi FIN,GK,Venezia,False,29.0,-0.13293995106215423,-0.7235725904254613,0.7873535619596483,0.4537907168408264,-0.7804649763517122,-0.36388982927467783,-0.11063765164432893,-0.35811304401882266,-0.30221181410644093,-0.27089948243361867,-0.3634833093006869,0.6116760341296343,-0.5660026819657173,-0.13199508965224854,-1.3451190924957646,-1.4191724999371649,-0.7958456140644522,-0.3367741683263088
Andreas Jungdal,21,dk DEN,GK,Cremonese,False,18.0,-1.5718194213819412,-0.312841857952789,2.751273307096541,-0.6856235370280046,3.3529347520861763,-0.6122965081604395,-1.002426970632721,-1.622041434673495,0.8868182741811954,-0.053399125976363405,0.10400421565271717,1.2333236549495592,-0.7368475384562073,-1.1588303943839426,-0.5837917941609646,0.7774222647607231,-0.3815653109364994,-1.115521738086943
Elhan Kastrati,26,al ALB,GK,Cittadella,False,35.0,0.3675398647012499,-0.024878992768652478,0.23674797876424872,-0.6856235370280046,0.28240923953231634,-0.5828932686188595,-0.26351582061376755,-1.622041434673495,-0.5183991028860111,1.3017954027188372,-1.1441652819168755,-0.43110665732367154,0.326187124151288,-0.08417026679806905,0.061400831546493145,0.13136498102605043,-0.49993111183020017,-0.13184059733666825
Luca Lezzerini,28,it ITA,GK,Brescia,False,25.0,-0.8210996977368349,-0.616035816832616,0.18364388698398168,2.3543336922940363,-0.7804649763517122,0.5814750172277062,-1.002426970632721,-1.9380235323371624,-0.14007134752176323,1.3185261993693953,-1.0110396846512493,-0.6558686023058367,-0.7368475384562073,0.6954246876438491,-0.6999264667883068,-0.8161857017848034,-0.8353008810290192,-0.9515748812952305
Riccardo Melgrati,29,it ITA,GK,Calcio Lecco 1912,False,22.5,0.742899726523803,0.8699477618531285,-1.6144420276811993,-0.6856235370280046,0.8369523086892008,3.190948606456966,-1.002426970632721,-0.35811304401882266,-2.1938505909276804,0.8667946898043289,-0.5103676071712429,-0.6439494082537524,0.28822160048673406,0.8225995616102376,-0.14506080867989352,-1.5483839566840996,-0.6182969127239011,-0.3777608825242368
Alessandro Micai,30,it ITA,GK,Cosenza,False,36.6,0.17985993378997336,-0.011068011292540153,0.09327376588422917,1.5932049707096574,1.2303781347802338,-0.3897855062241587,-0.3034569638580352,-0.9900772393461589,0.5084905188169475,0.08044724722810045,0.5518577739298557,-0.24436331257321436,0.667876837132268,-1.1555728412598034,-0.4031378589628766,0.17443546660836182,-0.12510607566681434,-0.04986716894081232
Mirko Pigliacelli,30,it ITA,GK,Palermo,False,36.0,0.8054597034942286,-0.14625177065618084,-0.09585133291216043,0.832076249125278,0.25288495575776,0.1595385298060341,-0.2840411303365163,-0.35811304401882266,-0.6264927472757963,1.151218232863815,0.32108225971718307,-1.0760201926418163,-0.5849854437979936,-0.505923675360072,-1.0225227796420358,-0.8161857017848034,0.2891742274611384,0.48296011563225344
Semuel Pizzignacco,21,it ITA,GK,FeralpiSalò,False,38.0,1.6812993810801857,-0.3698332036068921,-1.4439499435445526,-0.1797236083102437,-0.7804649763517122,1.5271760532203118,-0.32185091140473754,-0.6740951416824907,-1.491241902394077,0.5321787567931681,-0.7358528446006685,-0.9936836547820219,0.686859598964545,0.8955099686774342,1.2356514103340663,-0.9023266729494266,-0.8747561479935861,-0.29578745412838087
Giacomo Poluzzi,35,it ITA,GK,Südtirol,False,37.0,0.5552197956125264,-0.9094144678663186,0.09327376588422917,0.07550518455637444,-0.7804649763517122,1.3624886340240514,-0.3034569638580352,-0.35811304401882266,-0.41030545849622596,1.0675642496110247,-0.4488197272631132,-0.6954918690195231,1.028549311945525,0.904232082061636,0.3581894393719233,0.6912812935961004,-0.7366627136176017,-0.7466413103055899
Umberto Saracco,29,it ITA,GK,Calcio Lecco 1912,False,12.5,-1.071339605618537,-0.436118522552279,0.44171114002141953,-0.6856235370280046,-0.7804649763517122,1.2084425557604725,-1.002426970632721,-1.306059337009827,-3.1666933904357464,1.2683338094177217,-0.5509980637206675,0.8817074304130665,-0.015502588829693372,2.0035091055838468,0.39690099691437136,-0.6008332738732457,-1.0720324828164207,-0.7466413103055899
Mouhamadou Sarr,26,sn SEN,GK,Cremonese,False,12.0,-1.6343793983523667,-0.27119433612863714,-0.09585133291216043,1.5932049707096574,-0.7804649763517122,-0.8695748541492639,1.1527305502558929,-1.9380235323371624,0.29230323003737724,-0.572053822143663,-0.7274456512357093,1.8292833575537855,-0.3951578254752273,-1.0027005267912776,-1.138657452269378,2.327959745723939,-1.6835891207672082,-1.6483490226600082
Andrea Seculin,33,it ITA,GK,Modena,False,16.5,-0.946219651677686,-0.8504735033191152,-0.7806146216577087,0.4537907168408264,-0.7804649763517122,1.0827137712953456,-1.002426970632721,-0.04213094635515633,-0.2481649919115483,0.3481399936370294,0.20751655913457265,-1.9767320158959307,-0.45210611097205683,-1.1304431457307305,-0.7386380243307549,-1.2468905576079188,-0.8155732475467357,-0.2548007399304529
Adrian Šemper,25,hr CRO,GK,Como,False,37.8,0.11729995681954784,-0.9831686377891407,0.5171748493933778,-0.6856235370280046,-0.7804649763517122,-0.6664603704738762,-0.32185091140473754,-0.6740951416824907,-0.30221181410644093,0.5154479601426099,-0.6195892645621691,-1.0488236189118614,-0.45210611097205683,-1.2980630901592192,-0.6870226142741575,0.6912812935961004,-0.5591140122770506,-0.5417077393159494
Filip Stankovic,21,rs SRB,GK,Sampdoria,False,37.0,0.6803397495533775,-0.3826295972256923,-0.41074928066181376,-0.033878583815033274,0.22495657921426082,-0.8904352605807901,-1.002426970632721,-0.6740951416824907,-0.30221181410644093,-0.8732081618537079,0.06127493211937505,-0.40556552721206196,-0.7178647766239303,-0.3110490494704565,-1.0354266321561851,0.3467174089376081,-0.5788416457593341,-0.2138140257325242
Emiliano Viviano,37,it ITA,GK,Ascoli,False,26.5,-0.3831798589438563,-0.9430553014050521,0.33550295646088546,-0.033878583815033274,0.597334933127584,-0.2692587135086735,0.9132686034904913,-0.6740951416824907,0.34635005223226983,1.5862189457783242,-0.978990340957972,-2.395846043456364,1.8258253089011467,-0.6226863207638491,1.32597837793311,0.3897878945199195,-0.7563903470998853,-0.8696014528993745
Jeroen Zoet,32,nl NED,GK,Spezia,False,25.0,-0.5708597898551329,-0.13625636541838476,0.18364388698398168,0.4537907168408264,0.7075589258859278,0.2109941990037991,0.03204863939381381,-1.306059337009827,0.18420958564759216,0.2477552137336809,-1.26465237311298,-0.7631413487745975,0.5539802661386075,0.5319141354013492,0.3065740293153269,-0.2993398747970649,-0.20401660959594808,0.11407968785090027
Devis Vásquez,25,co COL,GK,Sheffield Weds/Ascoli,False,18.2,-0.8836596747072605,-0.6048321757968442,0.5171748493933778,-0.6856235370280046,-0.7804649763517122,0.308489151167985,-1.002426970632721,0.2738511513085118,0.07611594125780702,0.19756282378200724,-0.10618746292515012,-0.3957420156306737,0.307204362319011,1.2859044154536454,0.38399714440022203,0.13136498102605043,-0.24347187656051505,0.48296011563225344
Daniel Schmidt,31,jp JPN,GK,Sint-Truiden/Gent,False,12.0,-1.1338995825889624,-0.6460220325460054,-0.09585133291216043,-0.6856235370280046,-0.7804649763517122,1.4459302597501564,-1.002426970632721,0.2738511513085118,-1.0048205026400443,1.2014106228154897,0.009800536153043184,1.0843337292985034,-0.20533020715246034,-0.9601196538114602,-0.29990703884968284,0.3467174089376081,-0.0461955417376804,0.03210625945504434
